05.99359, 116.13972, Ibis Styles Kota Kinabalu Inanam 1 Jln Taipan 28 Inanam 88450 Kota Kinabalu Sabah
05.88089, 116.05557, SK Tansau Putatan Sabah
05.78905, 115.99120, Beringgis Beach Resort 89600 Kota Kinabalu Sabah
05.64381, 115.95370, St.Kenneth's Catholic Church 89600 Papar Sabah
05.30284, 115.37410, Menumbok Ferry Terminal Menumbok 89760 Menumbok Sabah
04.85735, 115.40733, Hotel Seri Malaysia Lawas Jalan Gaya 98850 Lawas Sarawak
04.75480, 115.00892, Limbang Sarawak
04.80537, 114.65495, The Lanes Hotel Simpang 14 Tutong Brunei
04.39843, 113.98538, Pullman Miri Waterfront 98000 Miri Sarawak
05.30284, 115.37410, Menumbok Ferry Terminal Menumbok 89760 Menumbok Sabah
05.27328, 115.24427, Labuan Pier Unnamed Road Victoria Labuan Federal Territory
05.29133, 115.26128, Taman Sec Airport Labuan Labuan Federal Territory
05.27539, 115.24368, Lot 4 Dataran Jalan Merdeka Bandar Labuan 87000 Labuan Wilayah Persekutuan Labuan Malaysia
05.99359, 116.13972, 
05.99337, 116.13972, 
05.99328, 116.13969, 
05.99339, 116.13907, 
05.99344, 116.13900, 
05.99343, 116.13900, 
05.99343, 116.13899, 
05.99342, 116.13899, 
05.99341, 116.13898, 
05.99341, 116.13897, 
05.99340, 116.13897, 
05.99340, 116.13896, 
05.99339, 116.13895, 
05.99339, 116.13893, 
05.99338, 116.13892, 
05.99291, 116.13876, 
05.99249, 116.13860, 
05.99246, 116.13858, 
05.99242, 116.13856, 
05.99239, 116.13854, 
05.99237, 116.13852, 
05.99236, 116.13852, 
05.99223, 116.13842, 
05.99223, 116.13841, 
05.99218, 116.13830, 
05.99207, 116.13817, 
05.99189, 116.13805, 
05.99182, 116.13808, 
05.99160, 116.13827, 
05.99153, 116.13832, 
05.99141, 116.13843, 
05.99130, 116.13851, 
05.99120, 116.13851, 
05.99091, 116.13873, 
05.99080, 116.13886, 
05.99019, 116.13951, 
05.98975, 116.14014, 
05.98951, 116.14034, 
05.98927, 116.14062, 
05.98913, 116.14075, 
05.98909, 116.14089, 
05.98900, 116.14099, 
05.98885, 116.14109, 
05.98885, 116.14113, 
05.98884, 116.14113, 
05.98884, 116.14116, 
05.98883, 116.14116, 
05.98883, 116.14117, 
05.98882, 116.14117, 
05.98882, 116.14118, 
05.98881, 116.14118, 
05.98881, 116.14119, 
05.98880, 116.14119, 
05.98879, 116.14120, 
05.98876, 116.14120, 
05.98860, 116.14140, 
05.98852, 116.14148, 
05.98838, 116.14158, 
05.98827, 116.14168, 
05.98779, 116.14206, 
05.98756, 116.14227, 
05.98728, 116.14247, 
05.98726, 116.14250, 
05.98678, 116.14288, 
05.98652, 116.14305, 
05.98619, 116.14337, 
05.98606, 116.14357, 
05.98592, 116.14386, 
05.98588, 116.14397, 
05.98586, 116.14405, 
05.98585, 116.14413, 
05.98583, 116.14422, 
05.98582, 116.14433, 
05.98581, 116.14436, 
05.98578, 116.14469, 
05.98576, 116.14482, 
05.98575, 116.14495, 
05.98574, 116.14498, 
05.98573, 116.14508, 
05.98572, 116.14511, 
05.98571, 116.14523, 
05.98568, 116.14542, 
05.98568, 116.14548, 
05.98567, 116.14558, 
05.98567, 116.14569, 
05.98566, 116.14578, 
05.98569, 116.14613, 
05.98571, 116.14624, 
05.98572, 116.14640, 
05.98574, 116.14654, 
05.98575, 116.14657, 
05.98597, 116.14814, 
05.98597, 116.14833, 
05.98595, 116.14854, 
05.98592, 116.14869, 
05.98592, 116.14871, 
05.98590, 116.14881, 
05.98590, 116.14882, 
05.98588, 116.14893, 
05.98578, 116.14926, 
05.98572, 116.14939, 
05.98566, 116.14950, 
05.98560, 116.14958, 
05.98554, 116.14964, 
05.98542, 116.14973, 
05.98532, 116.14978, 
05.98513, 116.14984, 
05.98496, 116.14985, 
05.98492, 116.14986, 
05.98475, 116.14988, 
05.98375, 116.14994, 
05.98362, 116.14996, 
05.98351, 116.15000, 
05.98350, 116.15001, 
05.98344, 116.15004, 
05.98334, 116.15011, 
05.98322, 116.15021, 
05.98316, 116.15029, 
05.98309, 116.15037, 
05.98302, 116.15047, 
05.98298, 116.15056, 
05.98297, 116.15057, 
05.98294, 116.15064, 
05.98291, 116.15073, 
05.98288, 116.15085, 
05.98286, 116.15102, 
05.98286, 116.15133, 
05.98289, 116.15162, 
05.98289, 116.15165, 
05.98293, 116.15192, 
05.98294, 116.15195, 
05.98296, 116.15205, 
05.98297, 116.15206, 
05.98300, 116.15218, 
05.98304, 116.15229, 
05.98307, 116.15241, 
05.98313, 116.15260, 
05.98317, 116.15270, 
05.98321, 116.15283, 
05.98322, 116.15284, 
05.98333, 116.15313, 
05.98335, 116.15321, 
05.98339, 116.15330, 
05.98345, 116.15352, 
05.98345, 116.15354, 
05.98348, 116.15367, 
05.98350, 116.15369, 
05.98351, 116.15371, 
05.98353, 116.15377, 
05.98353, 116.15381, 
05.98357, 116.15396, 
05.98357, 116.15397, 
05.98358, 116.15397, 
05.98358, 116.15399, 
05.98359, 116.15399, 
05.98359, 116.15406, 
05.98358, 116.15406, 
05.98358, 116.15408, 
05.98357, 116.15408, 
05.98357, 116.15424, 
05.98356, 116.15425, 
05.98356, 116.15427, 
05.98359, 116.15448, 
05.98359, 116.15482, 
05.98362, 116.15508, 
05.98364, 116.15519, 
05.98364, 116.15522, 
05.98365, 116.15527, 
05.98368, 116.15553, 
05.98368, 116.15557, 
05.98403, 116.15867, 
05.98404, 116.15870, 
05.98413, 116.15940, 
05.98415, 116.15946, 
05.98437, 116.16059, 
05.98453, 116.16120, 
05.98455, 116.16132, 
05.98455, 116.16142, 
05.98456, 116.16153, 
05.98456, 116.16166, 
05.98455, 116.16175, 
05.98450, 116.16194, 
05.98445, 116.16206, 
05.98431, 116.16228, 
05.98400, 116.16258, 
05.98341, 116.16309, 
05.98282, 116.16354, 
05.98231, 116.16278, 
05.98215, 116.16248, 
05.98196, 116.16203, 
05.98181, 116.16159, 
05.98178, 116.16148, 
05.98173, 116.16135, 
05.98158, 116.16102, 
05.98142, 116.16061, 
05.98132, 116.16041, 
05.98128, 116.16028, 
05.98109, 116.15995, 
05.98096, 116.15977, 
05.98063, 116.15945, 
05.98034, 116.15924, 
05.98003, 116.15909, 
05.97952, 116.15891, 
05.97936, 116.15890, 
05.97917, 116.15894, 
05.97903, 116.15895, 
05.97877, 116.15891, 
05.97855, 116.15885, 
05.97776, 116.15884, 
05.97737, 116.15889, 
05.97709, 116.15884, 
05.97693, 116.15882, 
05.97592, 116.15879, 
05.97548, 116.15880, 
05.97538, 116.15878, 
05.97515, 116.15868, 
05.97504, 116.15865, 
05.97447, 116.15844, 
05.97418, 116.15823, 
05.97401, 116.15815, 
05.97381, 116.15797, 
05.97367, 116.15786, 
05.97325, 116.15737, 
05.97325, 116.15736, 
05.97294, 116.15692, 
05.97283, 116.15674, 
05.97247, 116.15623, 
05.97237, 116.15606, 
05.97228, 116.15593, 
05.97216, 116.15581, 
05.97214, 116.15578, 
05.97180, 116.15539, 
05.97162, 116.15521, 
05.97149, 116.15506, 
05.97118, 116.15474, 
05.97085, 116.15436, 
05.97080, 116.15429, 
05.97056, 116.15402, 
05.96966, 116.15313, 
05.96965, 116.15313, 
05.96947, 116.15294, 
05.96922, 116.15275, 
05.96901, 116.15262, 
05.96894, 116.15259, 
05.96862, 116.15242, 
05.96810, 116.15225, 
05.96794, 116.15218, 
05.96788, 116.15217, 
05.96782, 116.15215, 
05.96781, 116.15215, 
05.96767, 116.15209, 
05.96733, 116.15198, 
05.96678, 116.15178, 
05.96611, 116.15148, 
05.96578, 116.15131, 
05.96551, 116.15114, 
05.96489, 116.15069, 
05.96437, 116.15025, 
05.96422, 116.15010, 
05.96386, 116.14970, 
05.96378, 116.14957, 
05.96352, 116.14933, 
05.96324, 116.14915, 
05.96316, 116.14907, 
05.96289, 116.14870, 
05.96283, 116.14860, 
05.96278, 116.14848, 
05.96269, 116.14836, 
05.96254, 116.14822, 
05.96195, 116.14762, 
05.96185, 116.14750, 
05.96183, 116.14747, 
05.96179, 116.14737, 
05.96179, 116.14735, 
05.96165, 116.14704, 
05.96156, 116.14687, 
05.96148, 116.14667, 
05.96145, 116.14653, 
05.96144, 116.14651, 
05.96138, 116.14621, 
05.96135, 116.14610, 
05.96123, 116.14583, 
05.96112, 116.14549, 
05.96097, 116.14518, 
05.96092, 116.14506, 
05.96081, 116.14486, 
05.96061, 116.14454, 
05.96051, 116.14440, 
05.96042, 116.14429, 
05.96030, 116.14412, 
05.95993, 116.14370, 
05.95974, 116.14352, 
05.95929, 116.14315, 
05.95893, 116.14289, 
05.95815, 116.14243, 
05.95782, 116.14225, 
05.95706, 116.14180, 
05.95671, 116.14162, 
05.95640, 116.14144, 
05.95592, 116.14126, 
05.95579, 116.14122, 
05.95560, 116.14113, 
05.95536, 116.14100, 
05.95529, 116.14098, 
05.95486, 116.14092, 
05.95395, 116.14074, 
05.95384, 116.14071, 
05.95379, 116.14069, 
05.95372, 116.14067, 
05.95367, 116.14065, 
05.95361, 116.14064, 
05.95361, 116.14063, 
05.95355, 116.14062, 
05.95349, 116.14060, 
05.95344, 116.14057, 
05.95329, 116.14052, 
05.95324, 116.14049, 
05.95315, 116.14045, 
05.95296, 116.14033, 
05.95292, 116.14032, 
05.95281, 116.14026, 
05.95254, 116.14016, 
05.95236, 116.14000, 
05.95227, 116.13994, 
05.95188, 116.13974, 
05.95170, 116.13967, 
05.95141, 116.13954, 
05.95111, 116.13943, 
05.95080, 116.13934, 
05.95069, 116.13930, 
05.95015, 116.13917, 
05.95013, 116.13917, 
05.94874, 116.13889, 
05.94839, 116.13880, 
05.94789, 116.13865, 
05.94686, 116.13829, 
05.94666, 116.13823, 
05.94646, 116.13815, 
05.94522, 116.13773, 
05.94493, 116.13761, 
05.94353, 116.13713, 
05.94339, 116.13707, 
05.94326, 116.13703, 
05.94289, 116.13694, 
05.94276, 116.13692, 
05.94254, 116.13690, 
05.94241, 116.13688, 
05.94200, 116.13685, 
05.94182, 116.13685, 
05.94173, 116.13684, 
05.94165, 116.13685, 
05.94157, 116.13685, 
05.94142, 116.13689, 
05.94128, 116.13691, 
05.94103, 116.13687, 
05.94084, 116.13687, 
05.94075, 116.13688, 
05.94071, 116.13688, 
05.94062, 116.13687, 
05.94041, 116.13682, 
05.94030, 116.13678, 
05.94021, 116.13677, 
05.94009, 116.13677, 
05.93964, 116.13674, 
05.93946, 116.13674, 
05.93897, 116.13671, 
05.93880, 116.13671, 
05.93864, 116.13670, 
05.93846, 116.13670, 
05.93604, 116.13658, 
05.93586, 116.13658, 
05.93529, 116.13652, 
05.93489, 116.13644, 
05.93473, 116.13639, 
05.93436, 116.13625, 
05.93414, 116.13614, 
05.93386, 116.13597, 
05.93374, 116.13587, 
05.93361, 116.13579, 
05.93331, 116.13555, 
05.93304, 116.13528, 
05.93290, 116.13510, 
05.93272, 116.13483, 
05.93250, 116.13444, 
05.93242, 116.13426, 
05.93229, 116.13389, 
05.93225, 116.13372, 
05.93222, 116.13354, 
05.93205, 116.13292, 
05.93191, 116.13249, 
05.93178, 116.13221, 
05.93170, 116.13209, 
05.93165, 116.13200, 
05.93164, 116.13200, 
05.93151, 116.13181, 
05.93117, 116.13142, 
05.93099, 116.13126, 
05.93087, 116.13114, 
05.93050, 116.13088, 
05.92991, 116.13057, 
05.92965, 116.13042, 
05.92901, 116.13000, 
05.92876, 116.12988, 
05.92872, 116.12987, 
05.92814, 116.12960, 
05.92791, 116.12948, 
05.92778, 116.12938, 
05.92742, 116.12916, 
05.92652, 116.12865, 
05.92579, 116.12828, 
05.92565, 116.12823, 
05.92555, 116.12818, 
05.92554, 116.12817, 
05.92539, 116.12811, 
05.92491, 116.12789, 
05.92470, 116.12783, 
05.92446, 116.12771, 
05.92352, 116.12730, 
05.92304, 116.12705, 
05.92197, 116.12654, 
05.92132, 116.12626, 
05.92081, 116.12602, 
05.92029, 116.12583, 
05.91991, 116.12566, 
05.91971, 116.12560, 
05.91954, 116.12553, 
05.91939, 116.12550, 
05.91936, 116.12550, 
05.91920, 116.12546, 
05.91896, 116.12542, 
05.91843, 116.12537, 
05.91802, 116.12528, 
05.91780, 116.12528, 
05.91742, 116.12530, 
05.91716, 116.12534, 
05.91668, 116.12539, 
05.91576, 116.12544, 
05.91543, 116.12549, 
05.91512, 116.12551, 
05.91494, 116.12550, 
05.91451, 116.12545, 
05.91435, 116.12542, 
05.91393, 116.12530, 
05.91376, 116.12524, 
05.91354, 116.12512, 
05.91351, 116.12511, 
05.91323, 116.12492, 
05.91286, 116.12460, 
05.91267, 116.12442, 
05.91232, 116.12405, 
05.91151, 116.12276, 
05.91129, 116.12244, 
05.91089, 116.12181, 
05.91063, 116.12132, 
05.91053, 116.12116, 
05.91043, 116.12092, 
05.91036, 116.12065, 
05.91028, 116.12044, 
05.91020, 116.12019, 
05.91018, 116.12009, 
05.91017, 116.11981, 
05.91015, 116.11968, 
05.91012, 116.11956, 
05.91008, 116.11947, 
05.91005, 116.11938, 
05.90996, 116.11894, 
05.90996, 116.11884, 
05.90995, 116.11871, 
05.90995, 116.11855, 
05.90994, 116.11844, 
05.90994, 116.11825, 
05.90996, 116.11814, 
05.90997, 116.11804, 
05.90996, 116.11797, 
05.90996, 116.11792, 
05.90995, 116.11788, 
05.90997, 116.11773, 
05.90995, 116.11760, 
05.90986, 116.11733, 
05.90984, 116.11721, 
05.90984, 116.11719, 
05.90980, 116.11709, 
05.90977, 116.11693, 
05.90975, 116.11688, 
05.90968, 116.11676, 
05.90965, 116.11665, 
05.90964, 116.11652, 
05.90964, 116.11644, 
05.90963, 116.11634, 
05.90963, 116.11613, 
05.90962, 116.11597, 
05.90960, 116.11584, 
05.90951, 116.11557, 
05.90945, 116.11547, 
05.90933, 116.11530, 
05.90925, 116.11524, 
05.90917, 116.11516, 
05.90907, 116.11508, 
05.90900, 116.11500, 
05.90884, 116.11488, 
05.90875, 116.11483, 
05.90856, 116.11474, 
05.90832, 116.11465, 
05.90821, 116.11463, 
05.90794, 116.11460, 
05.90772, 116.11463, 
05.90762, 116.11468, 
05.90749, 116.11473, 
05.90726, 116.11478, 
05.90706, 116.11480, 
05.90685, 116.11484, 
05.90675, 116.11487, 
05.90652, 116.11496, 
05.90604, 116.11511, 
05.90597, 116.11514, 
05.90570, 116.11522, 
05.90569, 116.11522, 
05.90521, 116.11534, 
05.90464, 116.11541, 
05.90399, 116.11542, 
05.90381, 116.11540, 
05.90374, 116.11540, 
05.90357, 116.11538, 
05.90346, 116.11538, 
05.90321, 116.11536, 
05.90303, 116.11532, 
05.90268, 116.11526, 
05.90257, 116.11523, 
05.90251, 116.11520, 
05.90250, 116.11520, 
05.90223, 116.11510, 
05.90217, 116.11507, 
05.90208, 116.11504, 
05.90121, 116.11459, 
05.90112, 116.11455, 
05.90111, 116.11454, 
05.90105, 116.11450, 
05.90105, 116.11449, 
05.90063, 116.11416, 
05.90062, 116.11416, 
05.90049, 116.11405, 
05.90048, 116.11405, 
05.90026, 116.11387, 
05.90022, 116.11381, 
05.90021, 116.11381, 
05.89946, 116.11286, 
05.89939, 116.11271, 
05.89931, 116.11248, 
05.89928, 116.11237, 
05.89927, 116.11230, 
05.89919, 116.11202, 
05.89918, 116.11196, 
05.89909, 116.11163, 
05.89908, 116.11142, 
05.89899, 116.11041, 
05.89899, 116.11034, 
05.89896, 116.11005, 
05.89896, 116.10998, 
05.89893, 116.10966, 
05.89895, 116.10780, 
05.89896, 116.10779, 
05.89896, 116.10733, 
05.89906, 116.10613, 
05.89906, 116.10577, 
05.89905, 116.10559, 
05.89905, 116.10527, 
05.89904, 116.10513, 
05.89904, 116.10499, 
05.89902, 116.10491, 
05.89897, 116.10445, 
05.89894, 116.10427, 
05.89891, 116.10399, 
05.89886, 116.10301, 
05.89883, 116.10175, 
05.89884, 116.09986, 
05.89881, 116.09847, 
05.89877, 116.09795, 
05.89877, 116.09784, 
05.89873, 116.09759, 
05.89872, 116.09748, 
05.89861, 116.09680, 
05.89858, 116.09670, 
05.89856, 116.09659, 
05.89845, 116.09617, 
05.89843, 116.09606, 
05.89837, 116.09582, 
05.89836, 116.09580, 
05.89834, 116.09571, 
05.89831, 116.09565, 
05.89797, 116.09462, 
05.89797, 116.09461, 
05.89776, 116.09412, 
05.89772, 116.09401, 
05.89769, 116.09395, 
05.89756, 116.09362, 
05.89733, 116.09320, 
05.89720, 116.09299, 
05.89693, 116.09249, 
05.89649, 116.09181, 
05.89646, 116.09175, 
05.89624, 116.09141, 
05.89608, 116.09122, 
05.89604, 116.09116, 
05.89578, 116.09086, 
05.89547, 116.09046, 
05.89541, 116.09037, 
05.89536, 116.09032, 
05.89531, 116.09025, 
05.89445, 116.08945, 
05.89436, 116.08938, 
05.89356, 116.08865, 
05.89270, 116.08798, 
05.89227, 116.08754, 
05.89222, 116.08746, 
05.89196, 116.08697, 
05.89169, 116.08636, 
05.89165, 116.08614, 
05.89163, 116.08607, 
05.89160, 116.08589, 
05.89124, 116.08431, 
05.89123, 116.08430, 
05.89108, 116.08360, 
05.89107, 116.08357, 
05.89102, 116.08332, 
05.89100, 116.08325, 
05.89100, 116.08323, 
05.89072, 116.08190, 
05.89068, 116.08175, 
05.89050, 116.08084, 
05.89049, 116.08084, 
05.89039, 116.08031, 
05.89038, 116.08031, 
05.89035, 116.08014, 
05.89035, 116.08013, 
05.89027, 116.07978, 
05.89024, 116.07968, 
05.89013, 116.07915, 
05.89003, 116.07882, 
05.88979, 116.07820, 
05.88961, 116.07780, 
05.88946, 116.07750, 
05.88905, 116.07679, 
05.88799, 116.07519, 
05.88753, 116.07437, 
05.88738, 116.07447, 
05.88734, 116.07449, 
05.88728, 116.07450, 
05.88722, 116.07450, 
05.88715, 116.07451, 
05.88703, 116.07444, 
05.88653, 116.07424, 
05.88652, 116.07424, 
05.88583, 116.07398, 
05.88545, 116.07380, 
05.88495, 116.07354, 
05.88435, 116.07337, 
05.88430, 116.07335, 
05.88425, 116.07332, 
05.88422, 116.07329, 
05.88419, 116.07324, 
05.88416, 116.07316, 
05.88403, 116.07290, 
05.88395, 116.07280, 
05.88369, 116.07260, 
05.88340, 116.07244, 
05.88316, 116.07227, 
05.88309, 116.07217, 
05.88316, 116.07181, 
05.88321, 116.07170, 
05.88352, 116.07117, 
05.88361, 116.07094, 
05.88366, 116.07071, 
05.88366, 116.07064, 
05.88368, 116.07051, 
05.88367, 116.07035, 
05.88364, 116.07024, 
05.88359, 116.07012, 
05.88350, 116.06997, 
05.88349, 116.06996, 
05.88339, 116.06982, 
05.88291, 116.06924, 
05.88286, 116.06916, 
05.88282, 116.06908, 
05.88281, 116.06902, 
05.88281, 116.06895, 
05.88282, 116.06893, 
05.88284, 116.06876, 
05.88289, 116.06868, 
05.88368, 116.06705, 
05.88370, 116.06696, 
05.88376, 116.06679, 
05.88378, 116.06660, 
05.88377, 116.06649, 
05.88377, 116.06644, 
05.88372, 116.06635, 
05.88363, 116.06613, 
05.88352, 116.06592, 
05.88347, 116.06578, 
05.88345, 116.06558, 
05.88347, 116.06545, 
05.88365, 116.06482, 
05.88365, 116.06480, 
05.88371, 116.06461, 
05.88371, 116.06460, 
05.88382, 116.06420, 
05.88383, 116.06414, 
05.88385, 116.06409, 
05.88396, 116.06361, 
05.88399, 116.06313, 
05.88399, 116.06269, 
05.88397, 116.06241, 
05.88396, 116.06235, 
05.88376, 116.06187, 
05.88372, 116.06180, 
05.88362, 116.06158, 
05.88351, 116.06137, 
05.88327, 116.06099, 
05.88320, 116.06086, 
05.88313, 116.06076, 
05.88300, 116.06063, 
05.88290, 116.06057, 
05.88284, 116.06052, 
05.88279, 116.06046, 
05.88275, 116.06035, 
05.88275, 116.06014, 
05.88276, 116.06003, 
05.88276, 116.05991, 
05.88272, 116.05977, 
05.88247, 116.05939, 
05.88238, 116.05919, 
05.88236, 116.05912, 
05.88235, 116.05900, 
05.88237, 116.05889, 
05.88238, 116.05888, 
05.88241, 116.05882, 
05.88249, 116.05874, 
05.88261, 116.05868, 
05.88324, 116.05830, 
05.88332, 116.05822, 
05.88335, 116.05818, 
05.88340, 116.05813, 
05.88334, 116.05805, 
05.88316, 116.05786, 
05.88283, 116.05754, 
05.88220, 116.05697, 
05.88210, 116.05685, 
05.88198, 116.05667, 
05.88193, 116.05658, 
05.88186, 116.05642, 
05.88179, 116.05623, 
05.88174, 116.05601, 
05.88174, 116.05598, 
05.88172, 116.05580, 
05.88172, 116.05565, 
05.88174, 116.05547, 
05.88182, 116.05505, 
05.88187, 116.05485, 
05.88187, 116.05480, 
05.88116, 116.05512, 
05.88085, 116.05524, 
05.88074, 116.05529, 
05.88073, 116.05529, 
05.88082, 116.05544, 
05.88087, 116.05555, 
05.88089, 116.05557, 
05.88087, 116.05555, 
05.88082, 116.05544, 
05.88073, 116.05529, 
05.88074, 116.05529, 
05.88085, 116.05524, 
05.88116, 116.05512, 
05.88187, 116.05480, 
05.88193, 116.05476, 
05.88239, 116.05455, 
05.88313, 116.05416, 
05.88388, 116.05379, 
05.88412, 116.05370, 
05.88426, 116.05366, 
05.88502, 116.05326, 
05.88587, 116.05287, 
05.88622, 116.05273, 
05.88646, 116.05262, 
05.88649, 116.05261, 
05.88654, 116.05258, 
05.88662, 116.05252, 
05.88664, 116.05248, 
05.88659, 116.05236, 
05.88657, 116.05222, 
05.88651, 116.05198, 
05.88641, 116.05173, 
05.88637, 116.05168, 
05.88623, 116.05154, 
05.88612, 116.05148, 
05.88562, 116.05112, 
05.88544, 116.05096, 
05.88529, 116.05086, 
05.88426, 116.05008, 
05.88409, 116.04993, 
05.88400, 116.04982, 
05.88393, 116.04964, 
05.88391, 116.04957, 
05.88388, 116.04953, 
05.88386, 116.04949, 
05.88384, 116.04946, 
05.88383, 116.04943, 
05.88381, 116.04941, 
05.88379, 116.04938, 
05.88376, 116.04935, 
05.88275, 116.04939, 
05.88216, 116.04946, 
05.88128, 116.04964, 
05.88126, 116.04964, 
05.88059, 116.04984, 
05.87965, 116.05017, 
05.87624, 116.05128, 
05.87598, 116.05134, 
05.87572, 116.05138, 
05.87538, 116.05141, 
05.87502, 116.05141, 
05.87497, 116.05140, 
05.87489, 116.05141, 
05.87482, 116.05141, 
05.87404, 116.05126, 
05.87381, 116.05118, 
05.87185, 116.05074, 
05.87163, 116.05068, 
05.87122, 116.05053, 
05.87113, 116.05049, 
05.86795, 116.04933, 
05.86728, 116.04904, 
05.86696, 116.04886, 
05.86274, 116.04631, 
05.86261, 116.04625, 
05.86225, 116.04600, 
05.86057, 116.04499, 
05.86021, 116.04480, 
05.85982, 116.04462, 
05.85483, 116.04281, 
05.85466, 116.04276, 
05.85431, 116.04268, 
05.85397, 116.04263, 
05.85358, 116.04261, 
05.85319, 116.04262, 
05.85249, 116.04270, 
05.84855, 116.04331, 
05.84788, 116.04343, 
05.84740, 116.04355, 
05.84709, 116.04367, 
05.84656, 116.04393, 
05.84535, 116.04458, 
05.84437, 116.04515, 
05.84307, 116.04584, 
05.84298, 116.04588, 
05.84284, 116.04579, 
05.84245, 116.04560, 
05.84164, 116.04527, 
05.84064, 116.04482, 
05.84055, 116.04477, 
05.84044, 116.04472, 
05.84036, 116.04466, 
05.84034, 116.04465, 
05.84013, 116.04448, 
05.83997, 116.04431, 
05.83964, 116.04400, 
05.83950, 116.04390, 
05.83931, 116.04380, 
05.83879, 116.04361, 
05.83865, 116.04355, 
05.83832, 116.04345, 
05.83817, 116.04336, 
05.83775, 116.04328, 
05.83750, 116.04326, 
05.83699, 116.04327, 
05.83613, 116.04336, 
05.83572, 116.04336, 
05.83519, 116.04331, 
05.83493, 116.04326, 
05.83417, 116.04317, 
05.83397, 116.04320, 
05.83396, 116.04321, 
05.83395, 116.04321, 
05.83393, 116.04323, 
05.83392, 116.04323, 
05.83391, 116.04324, 
05.83390, 116.04324, 
05.83388, 116.04325, 
05.83386, 116.04325, 
05.83384, 116.04326, 
05.83383, 116.04326, 
05.83381, 116.04325, 
05.83376, 116.04325, 
05.83376, 116.04324, 
05.83375, 116.04324, 
05.83375, 116.04323, 
05.83374, 116.04323, 
05.83374, 116.04321, 
05.83373, 116.04321, 
05.83373, 116.04319, 
05.83372, 116.04319, 
05.83372, 116.04318, 
05.83354, 116.04313, 
05.83330, 116.04302, 
05.83199, 116.04271, 
05.83197, 116.04270, 
05.83184, 116.04270, 
05.83160, 116.04261, 
05.83158, 116.04259, 
05.83142, 116.04251, 
05.83127, 116.04242, 
05.83123, 116.04242, 
05.83123, 116.04241, 
05.83122, 116.04241, 
05.83122, 116.04240, 
05.83121, 116.04240, 
05.83121, 116.04239, 
05.83120, 116.04239, 
05.83120, 116.04236, 
05.83119, 116.04236, 
05.83119, 116.04232, 
05.83120, 116.04232, 
05.83111, 116.04170, 
05.83113, 116.04154, 
05.83112, 116.04137, 
05.83119, 116.04092, 
05.83128, 116.04066, 
05.83129, 116.04061, 
05.83149, 116.04030, 
05.83195, 116.03984, 
05.83199, 116.03979, 
05.83217, 116.03951, 
05.83235, 116.03911, 
05.83237, 116.03895, 
05.83237, 116.03883, 
05.83235, 116.03867, 
05.83228, 116.03840, 
05.83223, 116.03826, 
05.83216, 116.03810, 
05.83207, 116.03794, 
05.83188, 116.03768, 
05.83128, 116.03701, 
05.83115, 116.03691, 
05.83113, 116.03691, 
05.83112, 116.03690, 
05.83111, 116.03690, 
05.83111, 116.03689, 
05.83110, 116.03689, 
05.83110, 116.03688, 
05.83109, 116.03688, 
05.83109, 116.03687, 
05.83108, 116.03686, 
05.83108, 116.03683, 
05.83094, 116.03663, 
05.83079, 116.03650, 
05.83011, 116.03577, 
05.82972, 116.03525, 
05.82941, 116.03470, 
05.82923, 116.03434, 
05.82910, 116.03394, 
05.82895, 116.03363, 
05.82888, 116.03345, 
05.82870, 116.03316, 
05.82816, 116.03201, 
05.82811, 116.03193, 
05.82777, 116.03120, 
05.82747, 116.03043, 
05.82687, 116.02856, 
05.82672, 116.02803, 
05.82618, 116.02631, 
05.82609, 116.02606, 
05.82585, 116.02527, 
05.82577, 116.02506, 
05.82550, 116.02424, 
05.82525, 116.02367, 
05.82473, 116.02257, 
05.82436, 116.02166, 
05.82412, 116.02087, 
05.82406, 116.02077, 
05.82385, 116.02015, 
05.82366, 116.01966, 
05.82346, 116.01934, 
05.82314, 116.01893, 
05.82297, 116.01874, 
05.82295, 116.01865, 
05.82239, 116.01811, 
05.82146, 116.01749, 
05.82143, 116.01748, 
05.82086, 116.01709, 
05.82084, 116.01707, 
05.82026, 116.01669, 
05.82023, 116.01668, 
05.81992, 116.01648, 
05.81950, 116.01625, 
05.81939, 116.01620, 
05.81904, 116.01609, 
05.81881, 116.01607, 
05.81863, 116.01607, 
05.81832, 116.01609, 
05.81802, 116.01617, 
05.81752, 116.01635, 
05.81670, 116.01672, 
05.81633, 116.01684, 
05.81609, 116.01689, 
05.81588, 116.01692, 
05.81566, 116.01691, 
05.81524, 116.01685, 
05.81494, 116.01676, 
05.81165, 116.01555, 
05.80991, 116.01499, 
05.80952, 116.01489, 
05.80951, 116.01488, 
05.80942, 116.01487, 
05.80899, 116.01479, 
05.80879, 116.01478, 
05.80853, 116.01478, 
05.80836, 116.01477, 
05.80643, 116.01481, 
05.80618, 116.01480, 
05.80599, 116.01478, 
05.80573, 116.01473, 
05.80559, 116.01468, 
05.80548, 116.01463, 
05.80528, 116.01456, 
05.80517, 116.01451, 
05.80505, 116.01444, 
05.80500, 116.01443, 
05.80498, 116.01442, 
05.80482, 116.01430, 
05.80462, 116.01412, 
05.80454, 116.01403, 
05.80445, 116.01390, 
05.80434, 116.01371, 
05.80420, 116.01338, 
05.80407, 116.01288, 
05.80401, 116.01258, 
05.80401, 116.01246, 
05.80393, 116.01193, 
05.80392, 116.01180, 
05.80376, 116.01072, 
05.80376, 116.01070, 
05.80373, 116.01054, 
05.80370, 116.01043, 
05.80362, 116.01021, 
05.80350, 116.01002, 
05.80341, 116.00991, 
05.80321, 116.00974, 
05.80304, 116.00964, 
05.80287, 116.00957, 
05.80267, 116.00951, 
05.80244, 116.00946, 
05.80242, 116.00945, 
05.80209, 116.00938, 
05.80175, 116.00928, 
05.80162, 116.00921, 
05.80140, 116.00907, 
05.80124, 116.00887, 
05.80122, 116.00885, 
05.80118, 116.00879, 
05.80105, 116.00855, 
05.80096, 116.00821, 
05.80093, 116.00802, 
05.80088, 116.00791, 
05.80082, 116.00735, 
05.80074, 116.00695, 
05.80074, 116.00690, 
05.80067, 116.00657, 
05.80063, 116.00643, 
05.80050, 116.00571, 
05.80051, 116.00568, 
05.80053, 116.00558, 
05.80034, 116.00439, 
05.80029, 116.00415, 
05.80019, 116.00353, 
05.80012, 116.00326, 
05.80000, 116.00298, 
05.79959, 116.00237, 
05.79926, 116.00191, 
05.79923, 116.00188, 
05.79904, 116.00161, 
05.79893, 116.00142, 
05.79890, 116.00138, 
05.79885, 116.00127, 
05.79884, 116.00126, 
05.79876, 116.00110, 
05.79873, 116.00100, 
05.79870, 116.00093, 
05.79862, 116.00070, 
05.79855, 116.00046, 
05.79837, 115.99994, 
05.79823, 115.99962, 
05.79811, 115.99942, 
05.79789, 115.99913, 
05.79776, 115.99900, 
05.79746, 115.99874, 
05.79744, 115.99873, 
05.79707, 115.99843, 
05.79705, 115.99842, 
05.79670, 115.99814, 
05.79636, 115.99781, 
05.79617, 115.99758, 
05.79604, 115.99744, 
05.79573, 115.99703, 
05.79531, 115.99654, 
05.79499, 115.99625, 
05.79460, 115.99602, 
05.79430, 115.99589, 
05.79273, 115.99532, 
05.79238, 115.99512, 
05.79226, 115.99504, 
05.79096, 115.99400, 
05.79071, 115.99378, 
05.79044, 115.99352, 
05.78975, 115.99281, 
05.78893, 115.99192, 
05.78901, 115.99185, 
05.78931, 115.99165, 
05.78905, 115.99120, 
05.78931, 115.99165, 
05.78901, 115.99185, 
05.78893, 115.99192, 
05.78883, 115.99181, 
05.78870, 115.99161, 
05.78809, 115.99056, 
05.78802, 115.99040, 
05.78789, 115.99015, 
05.78788, 115.99014, 
05.78775, 115.98987, 
05.78771, 115.98977, 
05.78770, 115.98972, 
05.78761, 115.98950, 
05.78748, 115.98908, 
05.78744, 115.98892, 
05.78732, 115.98823, 
05.78730, 115.98805, 
05.78718, 115.98734, 
05.78718, 115.98728, 
05.78711, 115.98682, 
05.78701, 115.98629, 
05.78696, 115.98613, 
05.78684, 115.98588, 
05.78672, 115.98567, 
05.78664, 115.98551, 
05.78658, 115.98541, 
05.78654, 115.98536, 
05.78648, 115.98527, 
05.78611, 115.98492, 
05.78589, 115.98474, 
05.78552, 115.98453, 
05.78524, 115.98439, 
05.78514, 115.98435, 
05.78491, 115.98423, 
05.78477, 115.98417, 
05.78431, 115.98390, 
05.78400, 115.98367, 
05.78391, 115.98359, 
05.78349, 115.98316, 
05.78200, 115.98113, 
05.78163, 115.98058, 
05.78150, 115.98035, 
05.78143, 115.98017, 
05.78141, 115.98001, 
05.78137, 115.97981, 
05.78137, 115.97961, 
05.78139, 115.97942, 
05.78143, 115.97923, 
05.78148, 115.97907, 
05.78169, 115.97856, 
05.78192, 115.97792, 
05.78195, 115.97758, 
05.78194, 115.97755, 
05.78193, 115.97731, 
05.78188, 115.97712, 
05.78176, 115.97685, 
05.78167, 115.97670, 
05.78160, 115.97653, 
05.78144, 115.97621, 
05.78137, 115.97604, 
05.78129, 115.97588, 
05.78129, 115.97587, 
05.78066, 115.97452, 
05.78060, 115.97441, 
05.78053, 115.97426, 
05.78023, 115.97387, 
05.77988, 115.97361, 
05.77919, 115.97328, 
05.77897, 115.97314, 
05.77874, 115.97297, 
05.77855, 115.97281, 
05.77834, 115.97266, 
05.77810, 115.97244, 
05.77788, 115.97229, 
05.77787, 115.97228, 
05.77776, 115.97221, 
05.77773, 115.97218, 
05.77767, 115.97214, 
05.77742, 115.97202, 
05.77741, 115.97202, 
05.77728, 115.97198, 
05.77703, 115.97192, 
05.77693, 115.97191, 
05.77685, 115.97191, 
05.77646, 115.97197, 
05.77631, 115.97196, 
05.77599, 115.97190, 
05.77598, 115.97190, 
05.77582, 115.97185, 
05.77577, 115.97184, 
05.77565, 115.97179, 
05.77551, 115.97175, 
05.77521, 115.97169, 
05.77473, 115.97151, 
05.77429, 115.97132, 
05.77428, 115.97132, 
05.77388, 115.97109, 
05.77352, 115.97082, 
05.77245, 115.96973, 
05.77215, 115.96940, 
05.77172, 115.96897, 
05.77138, 115.96869, 
05.77125, 115.96860, 
05.76963, 115.96725, 
05.76899, 115.96680, 
05.76856, 115.96654, 
05.76851, 115.96652, 
05.76850, 115.96652, 
05.76848, 115.96651, 
05.76827, 115.96645, 
05.76826, 115.96645, 
05.76805, 115.96639, 
05.76772, 115.96634, 
05.76590, 115.96624, 
05.76206, 115.96615, 
05.76162, 115.96608, 
05.76157, 115.96608, 
05.76095, 115.96592, 
05.76092, 115.96592, 
05.76057, 115.96583, 
05.75969, 115.96565, 
05.75820, 115.96531, 
05.75758, 115.96519, 
05.75669, 115.96498, 
05.75629, 115.96487, 
05.75593, 115.96473, 
05.75535, 115.96438, 
05.75498, 115.96404, 
05.75358, 115.96234, 
05.75309, 115.96170, 
05.75275, 115.96136, 
05.75243, 115.96109, 
05.75236, 115.96105, 
05.75226, 115.96101, 
05.75181, 115.96075, 
05.75180, 115.96074, 
05.75124, 115.96040, 
05.75096, 115.96017, 
05.75069, 115.95990, 
05.75049, 115.95965, 
05.75050, 115.95959, 
05.75022, 115.95913, 
05.74926, 115.95659, 
05.74913, 115.95609, 
05.74906, 115.95568, 
05.74906, 115.95523, 
05.74905, 115.95503, 
05.74922, 115.95436, 
05.74951, 115.95358, 
05.75063, 115.95125, 
05.75103, 115.95046, 
05.75125, 115.94999, 
05.75138, 115.94980, 
05.75165, 115.94936, 
05.75239, 115.94840, 
05.75242, 115.94837, 
05.75278, 115.94790, 
05.75301, 115.94757, 
05.75308, 115.94733, 
05.75312, 115.94706, 
05.75312, 115.94688, 
05.75310, 115.94675, 
05.75308, 115.94669, 
05.75296, 115.94644, 
05.75281, 115.94623, 
05.75279, 115.94619, 
05.75261, 115.94595, 
05.75235, 115.94567, 
05.75218, 115.94553, 
05.75169, 115.94521, 
05.75132, 115.94495, 
05.75127, 115.94490, 
05.75119, 115.94484, 
05.75075, 115.94432, 
05.75008, 115.94342, 
05.75001, 115.94334, 
05.74888, 115.94168, 
05.74887, 115.94166, 
05.74879, 115.94156, 
05.74856, 115.94123, 
05.74846, 115.94112, 
05.74840, 115.94108, 
05.74832, 115.94101, 
05.74814, 115.94093, 
05.74786, 115.94085, 
05.74765, 115.94083, 
05.74752, 115.94083, 
05.74733, 115.94087, 
05.74711, 115.94095, 
05.74523, 115.94195, 
05.74497, 115.94210, 
05.74389, 115.94266, 
05.74377, 115.94270, 
05.74375, 115.94271, 
05.74339, 115.94280, 
05.74246, 115.94298, 
05.74245, 115.94298, 
05.74242, 115.94297, 
05.74238, 115.94295, 
05.74227, 115.94284, 
05.74223, 115.94278, 
05.74160, 115.94199, 
05.74136, 115.94171, 
05.74120, 115.94150, 
05.74119, 115.94148, 
05.74061, 115.94089, 
05.73994, 115.94028, 
05.73960, 115.93995, 
05.73917, 115.93960, 
05.73846, 115.93907, 
05.73812, 115.93885, 
05.73803, 115.93880, 
05.73665, 115.93791, 
05.73663, 115.93789, 
05.73640, 115.93772, 
05.73615, 115.93747, 
05.73590, 115.93715, 
05.73410, 115.93464, 
05.73393, 115.93444, 
05.73381, 115.93433, 
05.73373, 115.93429, 
05.73369, 115.93428, 
05.73364, 115.93426, 
05.73358, 115.93425, 
05.73347, 115.93425, 
05.73346, 115.93424, 
05.73340, 115.93420, 
05.73338, 115.93414, 
05.73337, 115.93412, 
05.73337, 115.93409, 
05.73339, 115.93402, 
05.73339, 115.93398, 
05.73338, 115.93395, 
05.73338, 115.93392, 
05.73337, 115.93388, 
05.73329, 115.93374, 
05.73327, 115.93369, 
05.73317, 115.93357, 
05.73308, 115.93351, 
05.73307, 115.93350, 
05.73302, 115.93348, 
05.73295, 115.93346, 
05.73272, 115.93347, 
05.73257, 115.93349, 
05.73193, 115.93367, 
05.73191, 115.93367, 
05.73156, 115.93378, 
05.73066, 115.93402, 
05.72960, 115.93422, 
05.72913, 115.93426, 
05.72904, 115.93428, 
05.72854, 115.93436, 
05.72824, 115.93442, 
05.72811, 115.93446, 
05.72768, 115.93463, 
05.72767, 115.93464, 
05.72767, 115.93466, 
05.72766, 115.93466, 
05.72766, 115.93467, 
05.72765, 115.93467, 
05.72765, 115.93468, 
05.72764, 115.93469, 
05.72763, 115.93469, 
05.72762, 115.93470, 
05.72760, 115.93470, 
05.72760, 115.93471, 
05.72756, 115.93471, 
05.72756, 115.93470, 
05.72753, 115.93470, 
05.72753, 115.93469, 
05.72752, 115.93469, 
05.72752, 115.93468, 
05.72751, 115.93468, 
05.72705, 115.93479, 
05.72445, 115.93580, 
05.72399, 115.93594, 
05.72363, 115.93601, 
05.72326, 115.93603, 
05.72268, 115.93599, 
05.72174, 115.93576, 
05.72078, 115.93549, 
05.72057, 115.93544, 
05.72004, 115.93528, 
05.71933, 115.93509, 
05.71901, 115.93502, 
05.71900, 115.93503, 
05.71899, 115.93503, 
05.71898, 115.93504, 
05.71892, 115.93504, 
05.71892, 115.93503, 
05.71890, 115.93503, 
05.71890, 115.93502, 
05.71889, 115.93502, 
05.71889, 115.93501, 
05.71888, 115.93501, 
05.71888, 115.93500, 
05.71887, 115.93500, 
05.71887, 115.93499, 
05.71824, 115.93480, 
05.71677, 115.93440, 
05.71635, 115.93427, 
05.71601, 115.93412, 
05.71568, 115.93395, 
05.71347, 115.93250, 
05.71303, 115.93227, 
05.71288, 115.93221, 
05.71244, 115.93209, 
05.71218, 115.93205, 
05.71182, 115.93206, 
05.71124, 115.93213, 
05.71027, 115.93230, 
05.70996, 115.93239, 
05.70995, 115.93239, 
05.70988, 115.93241, 
05.70948, 115.93247, 
05.70935, 115.93248, 
05.70861, 115.93265, 
05.70702, 115.93290, 
05.70675, 115.93290, 
05.70564, 115.93296, 
05.70559, 115.93299, 
05.70555, 115.93299, 
05.70549, 115.93300, 
05.70516, 115.93302, 
05.70446, 115.93310, 
05.70374, 115.93325, 
05.70343, 115.93330, 
05.70257, 115.93352, 
05.70257, 115.93353, 
05.70256, 115.93354, 
05.70256, 115.93355, 
05.70255, 115.93355, 
05.70255, 115.93356, 
05.70253, 115.93356, 
05.70253, 115.93357, 
05.70243, 115.93357, 
05.70242, 115.93356, 
05.70241, 115.93356, 
05.70241, 115.93355, 
05.70211, 115.93362, 
05.70201, 115.93360, 
05.70150, 115.93371, 
05.70103, 115.93379, 
05.70097, 115.93381, 
05.69985, 115.93405, 
05.69943, 115.93409, 
05.69931, 115.93413, 
05.69923, 115.93415, 
05.69915, 115.93418, 
05.69892, 115.93423, 
05.69862, 115.93419, 
05.69848, 115.93414, 
05.69807, 115.93391, 
05.69795, 115.93387, 
05.69776, 115.93383, 
05.69703, 115.93378, 
05.69676, 115.93381, 
05.69585, 115.93401, 
05.69540, 115.93407, 
05.69467, 115.93411, 
05.69373, 115.93407, 
05.69031, 115.93426, 
05.68928, 115.93429, 
05.68903, 115.93431, 
05.68880, 115.93434, 
05.68812, 115.93449, 
05.68762, 115.93463, 
05.68607, 115.93511, 
05.68524, 115.93534, 
05.68453, 115.93548, 
05.68391, 115.93557, 
05.68375, 115.93561, 
05.68365, 115.93565, 
05.68347, 115.93576, 
05.68287, 115.93635, 
05.68274, 115.93645, 
05.68268, 115.93647, 
05.68252, 115.93649, 
05.68248, 115.93650, 
05.68234, 115.93650, 
05.68144, 115.93642, 
05.68123, 115.93644, 
05.68116, 115.93646, 
05.68108, 115.93650, 
05.68095, 115.93660, 
05.68090, 115.93665, 
05.68084, 115.93674, 
05.68082, 115.93676, 
05.68077, 115.93690, 
05.68077, 115.93711, 
05.68078, 115.93721, 
05.68081, 115.93730, 
05.68084, 115.93736, 
05.68089, 115.93743, 
05.68096, 115.93751, 
05.68141, 115.93782, 
05.68204, 115.93821, 
05.68240, 115.93848, 
05.68281, 115.93884, 
05.68315, 115.93917, 
05.68324, 115.93928, 
05.68329, 115.93939, 
05.68332, 115.93948, 
05.68402, 115.94461, 
05.68402, 115.94467, 
05.68404, 115.94485, 
05.68403, 115.94501, 
05.68402, 115.94503, 
05.68400, 115.94516, 
05.68397, 115.94529, 
05.68386, 115.94555, 
05.68320, 115.94680, 
05.68257, 115.94786, 
05.68226, 115.94846, 
05.68219, 115.94863, 
05.68202, 115.94898, 
05.68160, 115.94974, 
05.68146, 115.94994, 
05.68126, 115.95017, 
05.68082, 115.95053, 
05.68061, 115.95065, 
05.68046, 115.95075, 
05.68031, 115.95083, 
05.68030, 115.95084, 
05.67953, 115.95130, 
05.67874, 115.95173, 
05.67834, 115.95191, 
05.67793, 115.95206, 
05.67661, 115.95243, 
05.67611, 115.95255, 
05.67571, 115.95261, 
05.67534, 115.95263, 
05.67506, 115.95261, 
05.67455, 115.95255, 
05.67438, 115.95252, 
05.67419, 115.95250, 
05.67389, 115.95244, 
05.67179, 115.95213, 
05.67143, 115.95206, 
05.67088, 115.95201, 
05.67066, 115.95200, 
05.67029, 115.95204, 
05.66993, 115.95211, 
05.66888, 115.95237, 
05.66870, 115.95240, 
05.66833, 115.95251, 
05.66809, 115.95255, 
05.66791, 115.95257, 
05.66727, 115.95256, 
05.66696, 115.95252, 
05.66566, 115.95229, 
05.66545, 115.95227, 
05.66526, 115.95224, 
05.66507, 115.95223, 
05.66491, 115.95221, 
05.66464, 115.95221, 
05.66432, 115.95224, 
05.66408, 115.95230, 
05.66369, 115.95244, 
05.66351, 115.95252, 
05.66190, 115.95315, 
05.66189, 115.95315, 
05.65942, 115.95412, 
05.65923, 115.95421, 
05.65906, 115.95426, 
05.65904, 115.95426, 
05.65890, 115.95428, 
05.65887, 115.95428, 
05.65872, 115.95430, 
05.65849, 115.95431, 
05.65734, 115.95416, 
05.65730, 115.95416, 
05.65715, 115.95414, 
05.65712, 115.95413, 
05.65676, 115.95410, 
05.65668, 115.95411, 
05.65663, 115.95411, 
05.65644, 115.95415, 
05.65636, 115.95420, 
05.65612, 115.95438, 
05.65587, 115.95460, 
05.65577, 115.95466, 
05.65567, 115.95471, 
05.65554, 115.95475, 
05.65526, 115.95477, 
05.65514, 115.95474, 
05.65412, 115.95440, 
05.65384, 115.95432, 
05.65362, 115.95424, 
05.65357, 115.95423, 
05.65353, 115.95421, 
05.65208, 115.95373, 
05.65147, 115.95356, 
05.65130, 115.95350, 
05.65115, 115.95346, 
05.65113, 115.95345, 
05.65016, 115.95312, 
05.64993, 115.95307, 
05.64963, 115.95302, 
05.64904, 115.95301, 
05.64858, 115.95306, 
05.64855, 115.95306, 
05.64840, 115.95308, 
05.64831, 115.95310, 
05.64747, 115.95322, 
05.64675, 115.95330, 
05.64613, 115.95340, 
05.64485, 115.95355, 
05.64352, 115.95374, 
05.64344, 115.95376, 
05.64230, 115.95388, 
05.64223, 115.95388, 
05.64184, 115.95401, 
05.64147, 115.95423, 
05.64146, 115.95425, 
05.64087, 115.95474, 
05.64083, 115.95479, 
05.64062, 115.95495, 
05.64018, 115.95533, 
05.64003, 115.95548, 
05.63980, 115.95565, 
05.63909, 115.95627, 
05.63883, 115.95647, 
05.63826, 115.95697, 
05.63779, 115.95731, 
05.63760, 115.95739, 
05.63759, 115.95739, 
05.63738, 115.95743, 
05.63700, 115.95747, 
05.63670, 115.95748, 
05.63596, 115.95747, 
05.63478, 115.95754, 
05.63309, 115.95758, 
05.63304, 115.95759, 
05.63254, 115.95761, 
05.63231, 115.95758, 
05.63214, 115.95752, 
05.63197, 115.95744, 
05.63183, 115.95736, 
05.63131, 115.95710, 
05.63022, 115.95689, 
05.63020, 115.95689, 
05.62990, 115.95680, 
05.62961, 115.95669, 
05.62946, 115.95660, 
05.62941, 115.95658, 
05.62940, 115.95657, 
05.62857, 115.95614, 
05.62829, 115.95593, 
05.62823, 115.95586, 
05.62820, 115.95579, 
05.62795, 115.95544, 
05.62781, 115.95531, 
05.62774, 115.95526, 
05.62764, 115.95522, 
05.62706, 115.95508, 
05.62678, 115.95503, 
05.62662, 115.95507, 
05.62658, 115.95509, 
05.62655, 115.95512, 
05.62653, 115.95515, 
05.62643, 115.95525, 
05.62617, 115.95547, 
05.62599, 115.95565, 
05.62589, 115.95573, 
05.62569, 115.95594, 
05.62564, 115.95601, 
05.62559, 115.95620, 
05.62560, 115.95631, 
05.62578, 115.95683, 
05.62582, 115.95690, 
05.62592, 115.95711, 
05.62598, 115.95726, 
05.62599, 115.95732, 
05.62599, 115.95746, 
05.62597, 115.95752, 
05.62591, 115.95762, 
05.62579, 115.95769, 
05.62563, 115.95775, 
05.62537, 115.95781, 
05.62516, 115.95788, 
05.62483, 115.95802, 
05.62454, 115.95817, 
05.62440, 115.95823, 
05.62430, 115.95830, 
05.62409, 115.95839, 
05.62407, 115.95839, 
05.62404, 115.95840, 
05.62388, 115.95841, 
05.62379, 115.95840, 
05.62364, 115.95837, 
05.62319, 115.95824, 
05.62313, 115.95823, 
05.62308, 115.95823, 
05.62302, 115.95824, 
05.62296, 115.95824, 
05.62290, 115.95826, 
05.62246, 115.95832, 
05.62204, 115.95840, 
05.62168, 115.95843, 
05.62163, 115.95844, 
05.62138, 115.95844, 
05.62130, 115.95843, 
05.62127, 115.95842, 
05.62124, 115.95842, 
05.62111, 115.95836, 
05.62090, 115.95832, 
05.62081, 115.95829, 
05.62055, 115.95826, 
05.62032, 115.95821, 
05.61999, 115.95821, 
05.61991, 115.95822, 
05.61986, 115.95822, 
05.61976, 115.95824, 
05.61960, 115.95826, 
05.61956, 115.95827, 
05.61955, 115.95828, 
05.61908, 115.95842, 
05.61904, 115.95842, 
05.61895, 115.95843, 
05.61886, 115.95841, 
05.61881, 115.95838, 
05.61876, 115.95833, 
05.61874, 115.95829, 
05.61872, 115.95826, 
05.61857, 115.95793, 
05.61852, 115.95786, 
05.61846, 115.95780, 
05.61838, 115.95775, 
05.61823, 115.95768, 
05.61804, 115.95765, 
05.61798, 115.95765, 
05.61790, 115.95766, 
05.61784, 115.95769, 
05.61778, 115.95773, 
05.61763, 115.95788, 
05.61754, 115.95795, 
05.61751, 115.95799, 
05.61749, 115.95800, 
05.61697, 115.95852, 
05.61670, 115.95886, 
05.61653, 115.95912, 
05.61640, 115.95927, 
05.61627, 115.95936, 
05.61619, 115.95938, 
05.61605, 115.95938, 
05.61593, 115.95936, 
05.61587, 115.95933, 
05.61578, 115.95926, 
05.61576, 115.95923, 
05.61566, 115.95913, 
05.61561, 115.95909, 
05.61552, 115.95899, 
05.61547, 115.95892, 
05.61542, 115.95888, 
05.61532, 115.95878, 
05.61519, 115.95863, 
05.61509, 115.95854, 
05.61506, 115.95850, 
05.61493, 115.95842, 
05.61486, 115.95840, 
05.61481, 115.95838, 
05.61460, 115.95833, 
05.61452, 115.95833, 
05.61443, 115.95832, 
05.61424, 115.95834, 
05.61417, 115.95834, 
05.61386, 115.95838, 
05.61376, 115.95840, 
05.61369, 115.95843, 
05.61364, 115.95844, 
05.61357, 115.95847, 
05.61352, 115.95851, 
05.61349, 115.95854, 
05.61339, 115.95870, 
05.61337, 115.95880, 
05.61327, 115.95903, 
05.61323, 115.95910, 
05.61317, 115.95923, 
05.61311, 115.95933, 
05.61302, 115.95943, 
05.61262, 115.95977, 
05.61256, 115.95983, 
05.61219, 115.96012, 
05.61210, 115.96017, 
05.61204, 115.96018, 
05.61193, 115.96018, 
05.61189, 115.96017, 
05.61181, 115.96014, 
05.61168, 115.96003, 
05.61147, 115.95978, 
05.61133, 115.95965, 
05.61128, 115.95962, 
05.61124, 115.95959, 
05.61113, 115.95954, 
05.61102, 115.95950, 
05.61085, 115.95948, 
05.61075, 115.95949, 
05.61048, 115.95959, 
05.61007, 115.95977, 
05.60960, 115.95995, 
05.60942, 115.95997, 
05.60930, 115.95997, 
05.60916, 115.95993, 
05.60897, 115.95986, 
05.60888, 115.95982, 
05.60880, 115.95975, 
05.60868, 115.95963, 
05.60845, 115.95936, 
05.60828, 115.95919, 
05.60813, 115.95908, 
05.60812, 115.95907, 
05.60794, 115.95900, 
05.60766, 115.95891, 
05.60616, 115.95850, 
05.60615, 115.95850, 
05.60547, 115.95831, 
05.60505, 115.95821, 
05.60454, 115.95815, 
05.60437, 115.95815, 
05.60403, 115.95817, 
05.60390, 115.95819, 
05.60374, 115.95823, 
05.60354, 115.95830, 
05.60250, 115.95873, 
05.60241, 115.95876, 
05.60225, 115.95878, 
05.60219, 115.95877, 
05.60216, 115.95877, 
05.60212, 115.95876, 
05.60194, 115.95869, 
05.60188, 115.95865, 
05.60159, 115.95851, 
05.60151, 115.95848, 
05.60150, 115.95848, 
05.60150, 115.95849, 
05.60149, 115.95849, 
05.60149, 115.95850, 
05.60148, 115.95850, 
05.60148, 115.95851, 
05.60147, 115.95851, 
05.60147, 115.95852, 
05.60139, 115.95852, 
05.60139, 115.95851, 
05.60137, 115.95851, 
05.60137, 115.95850, 
05.60136, 115.95850, 
05.60136, 115.95849, 
05.60135, 115.95849, 
05.60135, 115.95847, 
05.60134, 115.95847, 
05.60134, 115.95840, 
05.60135, 115.95840, 
05.60135, 115.95838, 
05.60136, 115.95838, 
05.60136, 115.95837, 
05.60137, 115.95837, 
05.60137, 115.95836, 
05.60138, 115.95836, 
05.60138, 115.95835, 
05.60141, 115.95835, 
05.60141, 115.95834, 
05.60144, 115.95834, 
05.60145, 115.95835, 
05.60146, 115.95835, 
05.60153, 115.95830, 
05.60169, 115.95814, 
05.60183, 115.95794, 
05.60195, 115.95773, 
05.60203, 115.95757, 
05.60210, 115.95740, 
05.60215, 115.95723, 
05.60219, 115.95705, 
05.60223, 115.95681, 
05.60231, 115.95616, 
05.60238, 115.95577, 
05.60240, 115.95569, 
05.60250, 115.95542, 
05.60271, 115.95499, 
05.60278, 115.95487, 
05.60311, 115.95441, 
05.60338, 115.95407, 
05.60341, 115.95404, 
05.60603, 115.95062, 
05.60631, 115.95033, 
05.60654, 115.95013, 
05.60688, 115.94991, 
05.60780, 115.94947, 
05.60811, 115.94930, 
05.60849, 115.94901, 
05.60865, 115.94885, 
05.60880, 115.94867, 
05.60895, 115.94845, 
05.60904, 115.94829, 
05.60919, 115.94794, 
05.60931, 115.94752, 
05.60949, 115.94679, 
05.60973, 115.94569, 
05.60976, 115.94539, 
05.60977, 115.94505, 
05.60974, 115.94182, 
05.60982, 115.94123, 
05.60991, 115.94095, 
05.61003, 115.94066, 
05.61030, 115.94020, 
05.61048, 115.93992, 
05.61127, 115.93898, 
05.61203, 115.93803, 
05.61223, 115.93781, 
05.61240, 115.93765, 
05.61252, 115.93755, 
05.61295, 115.93727, 
05.61305, 115.93724, 
05.61328, 115.93715, 
05.61375, 115.93701, 
05.61399, 115.93705, 
05.61639, 115.93662, 
05.61679, 115.93659, 
05.61724, 115.93664, 
05.61758, 115.93671, 
05.61768, 115.93674, 
05.61778, 115.93676, 
05.61796, 115.93682, 
05.61858, 115.93699, 
05.61876, 115.93702, 
05.61907, 115.93705, 
05.61925, 115.93705, 
05.61963, 115.93700, 
05.61993, 115.93693, 
05.62020, 115.93681, 
05.62046, 115.93667, 
05.62058, 115.93659, 
05.62084, 115.93637, 
05.62101, 115.93619, 
05.62322, 115.93316, 
05.62418, 115.93196, 
05.62534, 115.93045, 
05.62579, 115.92990, 
05.62585, 115.92981, 
05.62593, 115.92973, 
05.62599, 115.92966, 
05.62604, 115.92962, 
05.62608, 115.92958, 
05.62625, 115.92946, 
05.62638, 115.92933, 
05.62665, 115.92891, 
05.62707, 115.92840, 
05.62774, 115.92752, 
05.62792, 115.92722, 
05.62808, 115.92691, 
05.62823, 115.92658, 
05.62830, 115.92638, 
05.62841, 115.92600, 
05.62849, 115.92567, 
05.62856, 115.92529, 
05.62857, 115.92516, 
05.62859, 115.92502, 
05.62862, 115.92447, 
05.62864, 115.91779, 
05.62863, 115.91767, 
05.62863, 115.91714, 
05.62854, 115.91538, 
05.62853, 115.91529, 
05.62858, 115.91383, 
05.62856, 115.90773, 
05.62860, 115.90602, 
05.62857, 115.90517, 
05.62859, 115.90143, 
05.62858, 115.90115, 
05.62860, 115.90020, 
05.62857, 115.89927, 
05.62851, 115.89927, 
05.62850, 115.89926, 
05.62848, 115.89926, 
05.62848, 115.89925, 
05.62847, 115.89924, 
05.62846, 115.89924, 
05.62845, 115.89923, 
05.62845, 115.89922, 
05.62844, 115.89922, 
05.62843, 115.89921, 
05.62843, 115.89920, 
05.62842, 115.89919, 
05.62842, 115.89917, 
05.62841, 115.89917, 
05.62841, 115.89915, 
05.62805, 115.89922, 
05.62757, 115.89929, 
05.62732, 115.89934, 
05.62605, 115.89953, 
05.62425, 115.89976, 
05.62402, 115.89977, 
05.62369, 115.89975, 
05.62329, 115.89969, 
05.62289, 115.89958, 
05.62176, 115.89915, 
05.62148, 115.89903, 
05.62138, 115.89900, 
05.62089, 115.89880, 
05.62057, 115.89864, 
05.62007, 115.89834, 
05.61941, 115.89781, 
05.61742, 115.89602, 
05.61665, 115.89537, 
05.61613, 115.89499, 
05.61561, 115.89467, 
05.61526, 115.89450, 
05.61496, 115.89437, 
05.61330, 115.89375, 
05.61313, 115.89370, 
05.60332, 115.89003, 
05.60316, 115.88996, 
05.60218, 115.88962, 
05.60143, 115.88927, 
05.60106, 115.88912, 
05.60100, 115.88909, 
05.60090, 115.88906, 
05.60021, 115.88877, 
05.59955, 115.88852, 
05.59897, 115.88826, 
05.59649, 115.88728, 
05.59566, 115.88692, 
05.59504, 115.88662, 
05.59338, 115.88571, 
05.59162, 115.88469, 
05.59132, 115.88453, 
05.59130, 115.88457, 
05.59129, 115.88457, 
05.59125, 115.88459, 
05.59123, 115.88459, 
05.59100, 115.88451, 
05.59075, 115.88449, 
05.59054, 115.88445, 
05.59030, 115.88436, 
05.59026, 115.88435, 
05.59006, 115.88428, 
05.58991, 115.88421, 
05.58948, 115.88386, 
05.58900, 115.88352, 
05.58882, 115.88338, 
05.58737, 115.88253, 
05.58422, 115.88078, 
05.58406, 115.88070, 
05.58096, 115.87898, 
05.57966, 115.87819, 
05.57897, 115.87770, 
05.57822, 115.87711, 
05.56739, 115.86705, 
05.56644, 115.86632, 
05.56604, 115.86606, 
05.56539, 115.86567, 
05.56482, 115.86540, 
05.56422, 115.86515, 
05.56340, 115.86489, 
05.55600, 115.86277, 
05.55574, 115.86265, 
05.55572, 115.86263, 
05.55572, 115.86262, 
05.55571, 115.86261, 
05.55571, 115.86257, 
05.55269, 115.86172, 
05.55209, 115.86158, 
05.55086, 115.86135, 
05.54971, 115.86119, 
05.54622, 115.86083, 
05.54586, 115.86082, 
05.54573, 115.86084, 
05.54562, 115.86087, 
05.54548, 115.86089, 
05.54282, 115.86060, 
05.54221, 115.86055, 
05.54057, 115.86036, 
05.54010, 115.86025, 
05.54009, 115.86025, 
05.53992, 115.86020, 
05.53954, 115.86004, 
05.53952, 115.86004, 
05.53926, 115.85995, 
05.53880, 115.85965, 
05.53874, 115.85958, 
05.53833, 115.85921, 
05.53819, 115.85907, 
05.53811, 115.85893, 
05.53807, 115.85876, 
05.53793, 115.85850, 
05.53759, 115.85808, 
05.53712, 115.85745, 
05.53711, 115.85743, 
05.53699, 115.85735, 
05.53691, 115.85732, 
05.53678, 115.85729, 
05.53664, 115.85724, 
05.53657, 115.85719, 
05.53629, 115.85693, 
05.53618, 115.85676, 
05.53604, 115.85650, 
05.53599, 115.85642, 
05.53548, 115.85580, 
05.53526, 115.85556, 
05.53508, 115.85540, 
05.53474, 115.85507, 
05.53395, 115.85442, 
05.53368, 115.85425, 
05.53332, 115.85400, 
05.53292, 115.85379, 
05.53250, 115.85351, 
05.53229, 115.85334, 
05.53224, 115.85334, 
05.53220, 115.85333, 
05.53214, 115.85329, 
05.53210, 115.85324, 
05.53207, 115.85318, 
05.53192, 115.85304, 
05.53178, 115.85293, 
05.53125, 115.85257, 
05.53081, 115.85221, 
05.53049, 115.85192, 
05.52795, 115.84927, 
05.52709, 115.84833, 
05.52179, 115.84274, 
05.52137, 115.84226, 
05.52012, 115.84073, 
05.51823, 115.83814, 
05.51181, 115.82965, 
05.51136, 115.82908, 
05.51127, 115.82895, 
05.51122, 115.82886, 
05.51094, 115.82847, 
05.51063, 115.82809, 
05.50979, 115.82695, 
05.50970, 115.82681, 
05.50963, 115.82668, 
05.50952, 115.82643, 
05.50929, 115.82609, 
05.50868, 115.82535, 
05.50856, 115.82519, 
05.50807, 115.82462, 
05.50700, 115.82356, 
05.50661, 115.82321, 
05.50601, 115.82271, 
05.50557, 115.82240, 
05.50091, 115.81886, 
05.49849, 115.81709, 
05.49831, 115.81700, 
05.49810, 115.81694, 
05.49788, 115.81679, 
05.49753, 115.81651, 
05.48948, 115.81051, 
05.48907, 115.81018, 
05.48961, 115.80932, 
05.48970, 115.80922, 
05.48977, 115.80920, 
05.48990, 115.80914, 
05.49248, 115.80762, 
05.49574, 115.80563, 
05.49589, 115.80558, 
05.49628, 115.80551, 
05.49669, 115.80546, 
05.49882, 115.80511, 
05.49899, 115.80509, 
05.49910, 115.80509, 
05.49918, 115.80511, 
05.49930, 115.80513, 
05.49940, 115.80517, 
05.49993, 115.80545, 
05.50017, 115.80554, 
05.50025, 115.80556, 
05.50030, 115.80556, 
05.50034, 115.80557, 
05.50180, 115.80559, 
05.50195, 115.80564, 
05.50216, 115.80573, 
05.50217, 115.80574, 
05.50221, 115.80569, 
05.50228, 115.80569, 
05.50235, 115.80571, 
05.50237, 115.80577, 
05.50237, 115.80582, 
05.50235, 115.80586, 
05.50236, 115.80587, 
05.50249, 115.80595, 
05.50278, 115.80622, 
05.50299, 115.80638, 
05.50323, 115.80653, 
05.50336, 115.80659, 
05.50359, 115.80666, 
05.50376, 115.80668, 
05.50390, 115.80668, 
05.50411, 115.80664, 
05.50427, 115.80656, 
05.50438, 115.80648, 
05.50446, 115.80640, 
05.50454, 115.80629, 
05.50462, 115.80601, 
05.50462, 115.80585, 
05.50457, 115.80546, 
05.50455, 115.80539, 
05.50452, 115.80519, 
05.50449, 115.80506, 
05.50449, 115.80490, 
05.50450, 115.80484, 
05.50458, 115.80477, 
05.50463, 115.80476, 
05.50475, 115.80476, 
05.50487, 115.80475, 
05.50501, 115.80472, 
05.50505, 115.80470, 
05.50525, 115.80450, 
05.50556, 115.80429, 
05.50565, 115.80420, 
05.50569, 115.80412, 
05.50569, 115.80410, 
05.50570, 115.80407, 
05.50570, 115.80404, 
05.50568, 115.80400, 
05.50567, 115.80394, 
05.50561, 115.80375, 
05.50555, 115.80361, 
05.50553, 115.80350, 
05.50553, 115.80343, 
05.50555, 115.80329, 
05.50562, 115.80301, 
05.50562, 115.80299, 
05.50574, 115.80257, 
05.50588, 115.80197, 
05.50589, 115.80197, 
05.50592, 115.80180, 
05.50684, 115.79848, 
05.50685, 115.79841, 
05.50685, 115.79812, 
05.50678, 115.79745, 
05.50678, 115.79742, 
05.50667, 115.79653, 
05.50620, 115.79138, 
05.50619, 115.79133, 
05.50605, 115.78959, 
05.50603, 115.78830, 
05.50601, 115.78809, 
05.50595, 115.78624, 
05.50594, 115.78511, 
05.50705, 115.78494, 
05.50818, 115.78480, 
05.50821, 115.78480, 
05.50904, 115.78469, 
05.50950, 115.78460, 
05.50988, 115.78446, 
05.51000, 115.78440, 
05.51010, 115.78434, 
05.51015, 115.78430, 
05.51019, 115.78426, 
05.51025, 115.78422, 
05.51040, 115.78404, 
05.51336, 115.77977, 
05.51341, 115.77967, 
05.51346, 115.77959, 
05.51349, 115.77950, 
05.51352, 115.77934, 
05.51354, 115.77913, 
05.51374, 115.77771, 
05.51456, 115.77461, 
05.51458, 115.77436, 
05.51458, 115.77403, 
05.51451, 115.77218, 
05.51452, 115.77210, 
05.51452, 115.77204, 
05.51463, 115.77165, 
05.51471, 115.77142, 
05.51486, 115.77092, 
05.51486, 115.77087, 
05.51488, 115.77075, 
05.51494, 115.77002, 
05.51496, 115.76957, 
05.51496, 115.76917, 
05.51492, 115.76866, 
05.51491, 115.76826, 
05.51492, 115.76747, 
05.51491, 115.76708, 
05.51600, 115.76683, 
05.51604, 115.76681, 
05.51617, 115.76677, 
05.51632, 115.76670, 
05.51636, 115.76667, 
05.51641, 115.76664, 
05.51664, 115.76639, 
05.51898, 115.76336, 
05.51909, 115.76323, 
05.51913, 115.76319, 
05.51921, 115.76313, 
05.51927, 115.76310, 
05.51952, 115.76303, 
05.51962, 115.76303, 
05.51968, 115.76302, 
05.51975, 115.76302, 
05.51986, 115.76303, 
05.52162, 115.76331, 
05.52190, 115.76334, 
05.52210, 115.76334, 
05.52244, 115.76331, 
05.52329, 115.76319, 
05.52795, 115.76270, 
05.52868, 115.76260, 
05.52876, 115.76258, 
05.52881, 115.76256, 
05.52886, 115.76252, 
05.52887, 115.76252, 
05.52895, 115.76246, 
05.52898, 115.76243, 
05.52900, 115.76239, 
05.52902, 115.76236, 
05.52903, 115.76232, 
05.52905, 115.76227, 
05.52905, 115.76222, 
05.52906, 115.76213, 
05.52912, 115.75317, 
05.52918, 115.75132, 
05.53012, 115.73802, 
05.53030, 115.73589, 
05.53032, 115.73536, 
05.53034, 115.73518, 
05.53033, 115.73476, 
05.53027, 115.73399, 
05.53027, 115.73351, 
05.53031, 115.73283, 
05.53031, 115.73268, 
05.53058, 115.72886, 
05.53104, 115.72346, 
05.53104, 115.72341, 
05.53108, 115.72299, 
05.53110, 115.72263, 
05.53111, 115.72181, 
05.53113, 115.72140, 
05.53116, 115.71931, 
05.53126, 115.71763, 
05.53165, 115.71278, 
05.53177, 115.71169, 
05.53218, 115.70879, 
05.53227, 115.70838, 
05.53240, 115.70796, 
05.53249, 115.70776, 
05.53253, 115.70763, 
05.53258, 115.70752, 
05.53267, 115.70720, 
05.53272, 115.70690, 
05.53278, 115.70632, 
05.53283, 115.70496, 
05.53289, 115.70397, 
05.53295, 115.70218, 
05.53293, 115.70053, 
05.53280, 115.69755, 
05.53281, 115.69725, 
05.53282, 115.69718, 
05.53288, 115.69629, 
05.53319, 115.69284, 
05.53319, 115.69267, 
05.53317, 115.69258, 
05.53316, 115.69250, 
05.53314, 115.69243, 
05.53306, 115.69226, 
05.53302, 115.69219, 
05.53292, 115.69206, 
05.53284, 115.69197, 
05.53278, 115.69192, 
05.53273, 115.69189, 
05.53269, 115.69186, 
05.53259, 115.69181, 
05.53243, 115.69175, 
05.53239, 115.69173, 
05.53195, 115.69156, 
05.53189, 115.69153, 
05.53075, 115.69108, 
05.53074, 115.69107, 
05.53066, 115.69103, 
05.53058, 115.69098, 
05.53050, 115.69091, 
05.52981, 115.69019, 
05.52974, 115.69006, 
05.52972, 115.68996, 
05.52972, 115.68984, 
05.52993, 115.68926, 
05.53044, 115.68799, 
05.53139, 115.68548, 
05.53146, 115.68527, 
05.53156, 115.68487, 
05.53163, 115.68440, 
05.53220, 115.67939, 
05.53285, 115.67594, 
05.53292, 115.67544, 
05.53319, 115.67178, 
05.53325, 115.67127, 
05.53331, 115.67090, 
05.53393, 115.66789, 
05.53396, 115.66779, 
05.53416, 115.66681, 
05.53429, 115.66640, 
05.53438, 115.66623, 
05.53481, 115.66558, 
05.53594, 115.66399, 
05.53606, 115.66378, 
05.53613, 115.66364, 
05.53629, 115.66319, 
05.53633, 115.66301, 
05.53636, 115.66279, 
05.53638, 115.66249, 
05.53655, 115.66085, 
05.53660, 115.66049, 
05.53667, 115.66023, 
05.53679, 115.65990, 
05.53686, 115.65976, 
05.53695, 115.65961, 
05.53714, 115.65934, 
05.53738, 115.65908, 
05.53749, 115.65898, 
05.53767, 115.65884, 
05.53813, 115.65853, 
05.53847, 115.65832, 
05.53882, 115.65808, 
05.53888, 115.65803, 
05.53893, 115.65797, 
05.53897, 115.65791, 
05.53910, 115.65765, 
05.53949, 115.65677, 
05.53972, 115.65615, 
05.53987, 115.65557, 
05.54048, 115.65241, 
05.54048, 115.65238, 
05.54051, 115.65223, 
05.54051, 115.65211, 
05.54050, 115.65205, 
05.54049, 115.65202, 
05.54049, 115.65201, 
05.54048, 115.65196, 
05.54042, 115.65185, 
05.54037, 115.65179, 
05.54029, 115.65172, 
05.53988, 115.65146, 
05.53622, 115.64936, 
05.53493, 115.64866, 
05.53476, 115.64855, 
05.53466, 115.64845, 
05.53462, 115.64833, 
05.53462, 115.64825, 
05.53466, 115.64808, 
05.53469, 115.64799, 
05.53828, 115.63922, 
05.53931, 115.63684, 
05.53975, 115.63588, 
05.54072, 115.63387, 
05.54144, 115.63250, 
05.54228, 115.63100, 
05.54395, 115.62822, 
05.54627, 115.62417, 
05.54634, 115.62403, 
05.54697, 115.62296, 
05.54803, 115.62092, 
05.54863, 115.61982, 
05.54977, 115.61786, 
05.54990, 115.61769, 
05.55004, 115.61757, 
05.55019, 115.61738, 
05.55021, 115.61737, 
05.55159, 115.61530, 
05.55167, 115.61516, 
05.55174, 115.61501, 
05.55180, 115.61480, 
05.55188, 115.61446, 
05.55277, 115.61247, 
05.55296, 115.61194, 
05.55326, 115.61098, 
05.55342, 115.61060, 
05.55351, 115.61042, 
05.55375, 115.61003, 
05.55394, 115.60976, 
05.55645, 115.60679, 
05.55653, 115.60672, 
05.55715, 115.60609, 
05.55768, 115.60559, 
05.55852, 115.60491, 
05.55887, 115.60465, 
05.55912, 115.60448, 
05.55918, 115.60443, 
05.55979, 115.60400, 
05.56014, 115.60372, 
05.56092, 115.60300, 
05.56119, 115.60279, 
05.56121, 115.60278, 
05.56301, 115.60149, 
05.56307, 115.60140, 
05.56313, 115.60129, 
05.56322, 115.60117, 
05.56326, 115.60113, 
05.56348, 115.60063, 
05.56375, 115.59957, 
05.56419, 115.59806, 
05.56453, 115.59743, 
05.56595, 115.59556, 
05.56602, 115.59545, 
05.56730, 115.59376, 
05.56735, 115.59368, 
05.56749, 115.59349, 
05.56760, 115.59337, 
05.56809, 115.59272, 
05.56809, 115.59271, 
05.56808, 115.59271, 
05.56808, 115.59269, 
05.56807, 115.59269, 
05.56807, 115.59262, 
05.56808, 115.59262, 
05.56808, 115.59260, 
05.56809, 115.59260, 
05.56809, 115.59259, 
05.56810, 115.59259, 
05.56810, 115.59258, 
05.56811, 115.59258, 
05.56782, 115.59218, 
05.56745, 115.59175, 
05.56735, 115.59160, 
05.56713, 115.59133, 
05.56692, 115.59115, 
05.56308, 115.58868, 
05.56243, 115.58820, 
05.56226, 115.58804, 
05.56204, 115.58777, 
05.56203, 115.58775, 
05.56184, 115.58750, 
05.56154, 115.58700, 
05.56142, 115.58683, 
05.56136, 115.58676, 
05.56128, 115.58668, 
05.56111, 115.58654, 
05.56103, 115.58650, 
05.56047, 115.58611, 
05.56040, 115.58607, 
05.55956, 115.58542, 
05.55951, 115.58535, 
05.55944, 115.58530, 
05.55902, 115.58510, 
05.55833, 115.58483, 
05.55806, 115.58474, 
05.55731, 115.58445, 
05.55652, 115.58406, 
05.55631, 115.58392, 
05.55618, 115.58379, 
05.55586, 115.58351, 
05.55569, 115.58333, 
05.55567, 115.58332, 
05.55565, 115.58329, 
05.55552, 115.58314, 
05.55527, 115.58297, 
05.55501, 115.58282, 
05.55460, 115.58262, 
05.55423, 115.58246, 
05.55399, 115.58239, 
05.55380, 115.58237, 
05.55350, 115.58238, 
05.55307, 115.58247, 
05.55245, 115.58267, 
05.55127, 115.58309, 
05.55007, 115.58335, 
05.54887, 115.58358, 
05.54834, 115.58359, 
05.54778, 115.58356, 
05.54747, 115.58348, 
05.54659, 115.58316, 
05.54628, 115.58308, 
05.54627, 115.58308, 
05.54595, 115.58295, 
05.54583, 115.58287, 
05.54546, 115.58268, 
05.54495, 115.58246, 
05.54457, 115.58222, 
05.54412, 115.58190, 
05.54372, 115.58155, 
05.54330, 115.58128, 
05.54294, 115.58108, 
05.54131, 115.58039, 
05.53902, 115.57948, 
05.53750, 115.57903, 
05.53521, 115.57827, 
05.53517, 115.57825, 
05.53485, 115.57813, 
05.53386, 115.57766, 
05.53370, 115.57757, 
05.53331, 115.57738, 
05.53272, 115.57712, 
05.53267, 115.57709, 
05.53255, 115.57705, 
05.53232, 115.57695, 
05.53205, 115.57680, 
05.53163, 115.57653, 
05.53137, 115.57634, 
05.53108, 115.57615, 
05.53063, 115.57588, 
05.53057, 115.57585, 
05.53044, 115.57577, 
05.53042, 115.57575, 
05.53023, 115.57562, 
05.52997, 115.57541, 
05.52896, 115.57449, 
05.52879, 115.57437, 
05.52855, 115.57418, 
05.52733, 115.57339, 
05.52692, 115.57310, 
05.52631, 115.57271, 
05.52571, 115.57230, 
05.52397, 115.57099, 
05.52370, 115.57081, 
05.52350, 115.57069, 
05.52334, 115.57061, 
05.52272, 115.57037, 
05.52271, 115.57037, 
05.52214, 115.57025, 
05.52154, 115.57018, 
05.52144, 115.57016, 
05.51965, 115.57001, 
05.51921, 115.56999, 
05.51913, 115.56998, 
05.51844, 115.56995, 
05.51842, 115.56994, 
05.51736, 115.56994, 
05.51641, 115.56997, 
05.51598, 115.57003, 
05.51066, 115.57123, 
05.51006, 115.57132, 
05.50964, 115.57132, 
05.50928, 115.57129, 
05.50923, 115.57129, 
05.50912, 115.57127, 
05.50907, 115.57127, 
05.50892, 115.57125, 
05.50890, 115.57124, 
05.50876, 115.57120, 
05.50875, 115.57119, 
05.50840, 115.57106, 
05.50839, 115.57106, 
05.50672, 115.57004, 
05.50653, 115.56988, 
05.50586, 115.56919, 
05.50544, 115.56870, 
05.50530, 115.56848, 
05.50514, 115.56818, 
05.50468, 115.56712, 
05.50359, 115.56441, 
05.50339, 115.56400, 
05.50302, 115.56335, 
05.50249, 115.56233, 
05.50204, 115.56126, 
05.50203, 115.56122, 
05.50202, 115.56121, 
05.50147, 115.55993, 
05.50027, 115.55695, 
05.49923, 115.55461, 
05.49912, 115.55439, 
05.49908, 115.55433, 
05.49902, 115.55426, 
05.49893, 115.55417, 
05.49889, 115.55417, 
05.49887, 115.55416, 
05.49886, 115.55416, 
05.49885, 115.55415, 
05.49884, 115.55415, 
05.49882, 115.55413, 
05.49881, 115.55413, 
05.49880, 115.55412, 
05.49880, 115.55411, 
05.49879, 115.55410, 
05.49879, 115.55409, 
05.49878, 115.55408, 
05.49878, 115.55407, 
05.49877, 115.55406, 
05.49877, 115.55397, 
05.49878, 115.55396, 
05.49878, 115.55395, 
05.49879, 115.55394, 
05.49879, 115.55393, 
05.49880, 115.55392, 
05.49880, 115.55391, 
05.49881, 115.55391, 
05.49884, 115.55388, 
05.49885, 115.55388, 
05.49885, 115.55387, 
05.49886, 115.55387, 
05.49887, 115.55370, 
05.49887, 115.55349, 
05.49884, 115.55316, 
05.49876, 115.55269, 
05.49875, 115.55268, 
05.49872, 115.55244, 
05.49840, 115.55065, 
05.49831, 115.55023, 
05.49825, 115.55006, 
05.49821, 115.54992, 
05.49787, 115.54910, 
05.49785, 115.54904, 
05.49771, 115.54872, 
05.49749, 115.54811, 
05.49737, 115.54762, 
05.49737, 115.54759, 
05.49735, 115.54749, 
05.49730, 115.54704, 
05.49728, 115.54651, 
05.49734, 115.54484, 
05.49732, 115.54422, 
05.49722, 115.54357, 
05.49716, 115.54335, 
05.49702, 115.54292, 
05.49694, 115.54273, 
05.49680, 115.54244, 
05.49657, 115.54204, 
05.49628, 115.54162, 
05.49491, 115.53977, 
05.49486, 115.53969, 
05.49356, 115.53796, 
05.49108, 115.53455, 
05.49063, 115.53398, 
05.49030, 115.53359, 
05.48996, 115.53313, 
05.48906, 115.53203, 
05.48867, 115.53160, 
05.48842, 115.53135, 
05.48826, 115.53117, 
05.48767, 115.53062, 
05.48750, 115.53049, 
05.48710, 115.53015, 
05.48697, 115.53002, 
05.48424, 115.52763, 
05.48310, 115.52674, 
05.48310, 115.52673, 
05.48216, 115.52606, 
05.48140, 115.52558, 
05.48060, 115.52514, 
05.48021, 115.52495, 
05.47908, 115.52448, 
05.47874, 115.52436, 
05.47776, 115.52409, 
05.47648, 115.52370, 
05.47620, 115.52357, 
05.47586, 115.52335, 
05.47571, 115.52323, 
05.47550, 115.52301, 
05.47537, 115.52285, 
05.47510, 115.52245, 
05.47394, 115.52058, 
05.47393, 115.52057, 
05.47352, 115.51994, 
05.47336, 115.51966, 
05.47177, 115.51711, 
05.47154, 115.51671, 
05.46986, 115.51397, 
05.46945, 115.51334, 
05.46915, 115.51291, 
05.46886, 115.51256, 
05.46805, 115.51175, 
05.46794, 115.51165, 
05.46780, 115.51149, 
05.46770, 115.51135, 
05.46749, 115.51102, 
05.46725, 115.51055, 
05.46720, 115.51047, 
05.46694, 115.50997, 
05.46678, 115.50960, 
05.46664, 115.50918, 
05.46653, 115.50875, 
05.46639, 115.50795, 
05.46610, 115.50662, 
05.46546, 115.50422, 
05.46539, 115.50400, 
05.46536, 115.50386, 
05.46520, 115.50332, 
05.46520, 115.50330, 
05.46492, 115.50255, 
05.46469, 115.50201, 
05.46446, 115.50154, 
05.46446, 115.50153, 
05.46350, 115.49959, 
05.46338, 115.49930, 
05.46138, 115.49529, 
05.46123, 115.49496, 
05.46101, 115.49453, 
05.46099, 115.49447, 
05.46078, 115.49405, 
05.46063, 115.49372, 
05.46008, 115.49267, 
05.46007, 115.49266, 
05.45955, 115.49162, 
05.45931, 115.49122, 
05.45908, 115.49088, 
05.45890, 115.49066, 
05.45876, 115.49052, 
05.45869, 115.49044, 
05.45750, 115.48923, 
05.45738, 115.48912, 
05.45737, 115.48910, 
05.45704, 115.48877, 
05.45659, 115.48829, 
05.45612, 115.48775, 
05.45594, 115.48751, 
05.45572, 115.48719, 
05.45557, 115.48694, 
05.45406, 115.48422, 
05.45402, 115.48413, 
05.45247, 115.48130, 
05.45213, 115.48075, 
05.44947, 115.47589, 
05.44877, 115.47467, 
05.44876, 115.47464, 
05.44686, 115.47127, 
05.44636, 115.47049, 
05.44579, 115.46976, 
05.44566, 115.46961, 
05.44564, 115.46958, 
05.44546, 115.46937, 
05.44481, 115.46868, 
05.44359, 115.46756, 
05.44310, 115.46716, 
05.44272, 115.46687, 
05.44191, 115.46633, 
05.44154, 115.46611, 
05.44113, 115.46590, 
05.44020, 115.46548, 
05.43956, 115.46517, 
05.43926, 115.46504, 
05.43888, 115.46485, 
05.43697, 115.46400, 
05.43594, 115.46344, 
05.43591, 115.46343, 
05.43553, 115.46319, 
05.43517, 115.46293, 
05.43469, 115.46261, 
05.43460, 115.46256, 
05.43291, 115.46140, 
05.43276, 115.46131, 
05.43139, 115.46035, 
05.43133, 115.46030, 
05.43039, 115.45963, 
05.43036, 115.45960, 
05.42926, 115.45883, 
05.42886, 115.45860, 
05.42810, 115.45833, 
05.42806, 115.45833, 
05.42777, 115.45825, 
05.42677, 115.45806, 
05.42656, 115.45801, 
05.42654, 115.45801, 
05.42618, 115.45794, 
05.42616, 115.45794, 
05.42592, 115.45791, 
05.42574, 115.45790, 
05.42501, 115.45790, 
05.42492, 115.45791, 
05.42220, 115.45796, 
05.42170, 115.45793, 
05.42168, 115.45792, 
05.42106, 115.45782, 
05.42104, 115.45782, 
05.42074, 115.45775, 
05.42010, 115.45755, 
05.42009, 115.45754, 
05.41949, 115.45730, 
05.41903, 115.45706, 
05.41859, 115.45679, 
05.41720, 115.45582, 
05.41704, 115.45572, 
05.41512, 115.45439, 
05.41411, 115.45366, 
05.41319, 115.45304, 
05.41318, 115.45303, 
05.41245, 115.45251, 
05.41138, 115.45168, 
05.40808, 115.44897, 
05.40802, 115.44893, 
05.40611, 115.44730, 
05.40566, 115.44698, 
05.40521, 115.44674, 
05.40405, 115.44618, 
05.40404, 115.44617, 
05.40272, 115.44555, 
05.40264, 115.44552, 
05.40061, 115.44458, 
05.40058, 115.44457, 
05.39989, 115.44422, 
05.39986, 115.44421, 
05.39954, 115.44405, 
05.39913, 115.44382, 
05.39870, 115.44360, 
05.39816, 115.44329, 
05.39615, 115.44223, 
05.39602, 115.44215, 
05.39599, 115.44214, 
05.39520, 115.44176, 
05.39301, 115.44056, 
05.39139, 115.43963, 
05.39135, 115.43960, 
05.39116, 115.43939, 
05.39093, 115.43910, 
05.39070, 115.43873, 
05.39069, 115.43873, 
05.39051, 115.43833, 
05.39046, 115.43824, 
05.39039, 115.43807, 
05.39031, 115.43791, 
05.39024, 115.43774, 
05.38939, 115.43596, 
05.38879, 115.43464, 
05.38879, 115.43463, 
05.38870, 115.43441, 
05.38817, 115.43326, 
05.38698, 115.43055, 
05.38690, 115.43039, 
05.38675, 115.42998, 
05.38667, 115.42971, 
05.38663, 115.42953, 
05.38659, 115.42941, 
05.38576, 115.42522, 
05.38576, 115.42519, 
05.38568, 115.42473, 
05.38543, 115.42358, 
05.38534, 115.42329, 
05.38533, 115.42323, 
05.38519, 115.42284, 
05.38496, 115.42239, 
05.38495, 115.42236, 
05.38466, 115.42186, 
05.38465, 115.42185, 
05.38334, 115.41994, 
05.38279, 115.41906, 
05.38264, 115.41886, 
05.38248, 115.41867, 
05.38246, 115.41864, 
05.38230, 115.41849, 
05.38190, 115.41821, 
05.38116, 115.41778, 
05.38064, 115.41751, 
05.38015, 115.41723, 
05.37990, 115.41705, 
05.37970, 115.41688, 
05.37955, 115.41673, 
05.37935, 115.41651, 
05.37915, 115.41624, 
05.37895, 115.41593, 
05.37793, 115.41411, 
05.37741, 115.41312, 
05.37735, 115.41303, 
05.37653, 115.41148, 
05.37648, 115.41141, 
05.37513, 115.40896, 
05.37451, 115.40801, 
05.37449, 115.40796, 
05.37439, 115.40781, 
05.37431, 115.40767, 
05.37413, 115.40740, 
05.37366, 115.40676, 
05.37351, 115.40651, 
05.37324, 115.40599, 
05.37314, 115.40573, 
05.37306, 115.40547, 
05.37298, 115.40509, 
05.37272, 115.40307, 
05.37263, 115.40281, 
05.37251, 115.40255, 
05.37250, 115.40254, 
05.37232, 115.40227, 
05.37218, 115.40211, 
05.37197, 115.40190, 
05.37150, 115.40152, 
05.36871, 115.39903, 
05.36825, 115.39859, 
05.36759, 115.39800, 
05.36753, 115.39796, 
05.36723, 115.39771, 
05.36698, 115.39752, 
05.36630, 115.39694, 
05.36628, 115.39693, 
05.36600, 115.39674, 
05.36545, 115.39644, 
05.36432, 115.39578, 
05.36401, 115.39557, 
05.36390, 115.39551, 
05.36380, 115.39544, 
05.36349, 115.39526, 
05.36302, 115.39491, 
05.36274, 115.39468, 
05.36251, 115.39447, 
05.36209, 115.39413, 
05.36054, 115.39257, 
05.36035, 115.39240, 
05.36004, 115.39216, 
05.35974, 115.39199, 
05.35968, 115.39195, 
05.35928, 115.39177, 
05.35836, 115.39140, 
05.35765, 115.39116, 
05.35719, 115.39113, 
05.35643, 115.39112, 
05.35584, 115.39114, 
05.35413, 115.39112, 
05.35346, 115.39105, 
05.35297, 115.39094, 
05.35258, 115.39078, 
05.35239, 115.39069, 
05.35177, 115.39036, 
05.34747, 115.38780, 
05.34548, 115.38666, 
05.34445, 115.38611, 
05.34384, 115.38581, 
05.34337, 115.38566, 
05.34304, 115.38559, 
05.34268, 115.38553, 
05.34241, 115.38547, 
05.34161, 115.38537, 
05.34158, 115.38537, 
05.34072, 115.38527, 
05.34008, 115.38517, 
05.33970, 115.38509, 
05.33943, 115.38499, 
05.33936, 115.38497, 
05.33935, 115.38497, 
05.33892, 115.38477, 
05.33852, 115.38455, 
05.33805, 115.38424, 
05.33751, 115.38378, 
05.33748, 115.38376, 
05.33720, 115.38346, 
05.33642, 115.38239, 
05.33638, 115.38232, 
05.33592, 115.38165, 
05.33544, 115.38099, 
05.33496, 115.38029, 
05.33461, 115.37981, 
05.33456, 115.37973, 
05.33406, 115.37910, 
05.33370, 115.37872, 
05.33263, 115.37750, 
05.33261, 115.37749, 
05.33137, 115.37639, 
05.33074, 115.37586, 
05.33067, 115.37581, 
05.33024, 115.37545, 
05.33005, 115.37532, 
05.32975, 115.37515, 
05.32931, 115.37495, 
05.32905, 115.37485, 
05.32878, 115.37476, 
05.32832, 115.37463, 
05.32830, 115.37463, 
05.32812, 115.37460, 
05.32805, 115.37458, 
05.32794, 115.37458, 
05.32776, 115.37456, 
05.32751, 115.37455, 
05.32679, 115.37456, 
05.32624, 115.37461, 
05.32181, 115.37538, 
05.32141, 115.37543, 
05.32118, 115.37543, 
05.32112, 115.37542, 
05.32061, 115.37538, 
05.32058, 115.37537, 
05.31989, 115.37526, 
05.31834, 115.37491, 
05.31823, 115.37487, 
05.31747, 115.37464, 
05.31256, 115.37333, 
05.31255, 115.37332, 
05.31059, 115.37282, 
05.31054, 115.37280, 
05.30995, 115.37265, 
05.30956, 115.37253, 
05.30856, 115.37226, 
05.30853, 115.37226, 
05.30825, 115.37216, 
05.30802, 115.37209, 
05.30773, 115.37195, 
05.30743, 115.37173, 
05.30720, 115.37150, 
05.30694, 115.37117, 
05.30681, 115.37103, 
05.30666, 115.37082, 
05.30656, 115.37071, 
05.30638, 115.37057, 
05.30618, 115.37045, 
05.30581, 115.37027, 
05.30533, 115.37009, 
05.30519, 115.37005, 
05.30503, 115.37002, 
05.30501, 115.37001, 
05.30479, 115.36998, 
05.30433, 115.36995, 
05.30414, 115.36997, 
05.30365, 115.36996, 
05.30360, 115.36995, 
05.30325, 115.36993, 
05.30325, 115.36996, 
05.30324, 115.36996, 
05.30324, 115.36998, 
05.30323, 115.36999, 
05.30323, 115.37000, 
05.30322, 115.37000, 
05.30322, 115.37001, 
05.30321, 115.37002, 
05.30320, 115.37002, 
05.30320, 115.37003, 
05.30318, 115.37003, 
05.30318, 115.37004, 
05.30312, 115.37004, 
05.30309, 115.37025, 
05.30309, 115.37045, 
05.30304, 115.37156, 
05.30305, 115.37184, 
05.30304, 115.37215, 
05.30303, 115.37224, 
05.30300, 115.37302, 
05.30295, 115.37330, 
05.30284, 115.37410, 
05.30295, 115.37330, 
05.30300, 115.37302, 
05.30303, 115.37224, 
05.30304, 115.37215, 
05.30305, 115.37184, 
05.30304, 115.37156, 
05.30309, 115.37045, 
05.30309, 115.37025, 
05.30312, 115.37004, 
05.30311, 115.37004, 
05.30310, 115.37003, 
05.30308, 115.37003, 
05.30308, 115.37002, 
05.30307, 115.37002, 
05.30307, 115.37001, 
05.30306, 115.37001, 
05.30306, 115.37000, 
05.30305, 115.36999, 
05.30305, 115.36998, 
05.30304, 115.36998, 
05.30304, 115.36990, 
05.30305, 115.36990, 
05.30305, 115.36988, 
05.30308, 115.36985, 
05.30309, 115.36985, 
05.30309, 115.36984, 
05.30312, 115.36984, 
05.30314, 115.36983, 
05.30317, 115.36983, 
05.30317, 115.36984, 
05.30319, 115.36984, 
05.30319, 115.36985, 
05.30321, 115.36985, 
05.30321, 115.36986, 
05.30322, 115.36986, 
05.30322, 115.36987, 
05.30323, 115.36987, 
05.30323, 115.36989, 
05.30324, 115.36989, 
05.30324, 115.36991, 
05.30325, 115.36992, 
05.30325, 115.36993, 
05.30360, 115.36995, 
05.30365, 115.36996, 
05.30414, 115.36997, 
05.30433, 115.36995, 
05.30479, 115.36998, 
05.30501, 115.37001, 
05.30503, 115.37002, 
05.30519, 115.37005, 
05.30533, 115.37009, 
05.30581, 115.37027, 
05.30618, 115.37045, 
05.30638, 115.37057, 
05.30656, 115.37071, 
05.30666, 115.37082, 
05.30681, 115.37103, 
05.30694, 115.37117, 
05.30720, 115.37150, 
05.30743, 115.37173, 
05.30773, 115.37195, 
05.30802, 115.37209, 
05.30825, 115.37216, 
05.30853, 115.37226, 
05.30856, 115.37226, 
05.30956, 115.37253, 
05.30995, 115.37265, 
05.31054, 115.37280, 
05.31059, 115.37282, 
05.31255, 115.37332, 
05.31256, 115.37333, 
05.31747, 115.37464, 
05.31823, 115.37487, 
05.31834, 115.37491, 
05.31989, 115.37526, 
05.32058, 115.37537, 
05.32061, 115.37538, 
05.32112, 115.37542, 
05.32118, 115.37543, 
05.32141, 115.37543, 
05.32181, 115.37538, 
05.32624, 115.37461, 
05.32679, 115.37456, 
05.32751, 115.37455, 
05.32776, 115.37456, 
05.32794, 115.37458, 
05.32805, 115.37458, 
05.32812, 115.37460, 
05.32830, 115.37463, 
05.32832, 115.37463, 
05.32878, 115.37476, 
05.32905, 115.37485, 
05.32931, 115.37495, 
05.32975, 115.37515, 
05.33005, 115.37532, 
05.33024, 115.37545, 
05.33067, 115.37581, 
05.33074, 115.37586, 
05.33137, 115.37639, 
05.33261, 115.37749, 
05.33263, 115.37750, 
05.33370, 115.37872, 
05.33406, 115.37910, 
05.33456, 115.37973, 
05.33461, 115.37981, 
05.33496, 115.38029, 
05.33544, 115.38099, 
05.33592, 115.38165, 
05.33638, 115.38232, 
05.33642, 115.38239, 
05.33720, 115.38346, 
05.33748, 115.38376, 
05.33751, 115.38378, 
05.33805, 115.38424, 
05.33852, 115.38455, 
05.33892, 115.38477, 
05.33935, 115.38497, 
05.33936, 115.38497, 
05.33943, 115.38499, 
05.33970, 115.38509, 
05.34008, 115.38517, 
05.34072, 115.38527, 
05.34158, 115.38537, 
05.34161, 115.38537, 
05.34241, 115.38547, 
05.34268, 115.38553, 
05.34304, 115.38559, 
05.34337, 115.38566, 
05.34384, 115.38581, 
05.34445, 115.38611, 
05.34548, 115.38666, 
05.34747, 115.38780, 
05.35177, 115.39036, 
05.35239, 115.39069, 
05.35258, 115.39078, 
05.35297, 115.39094, 
05.35346, 115.39105, 
05.35413, 115.39112, 
05.35584, 115.39114, 
05.35643, 115.39112, 
05.35719, 115.39113, 
05.35765, 115.39116, 
05.35836, 115.39140, 
05.35928, 115.39177, 
05.35968, 115.39195, 
05.35974, 115.39199, 
05.36004, 115.39216, 
05.36035, 115.39240, 
05.36054, 115.39257, 
05.36209, 115.39413, 
05.36251, 115.39447, 
05.36274, 115.39468, 
05.36302, 115.39491, 
05.36349, 115.39526, 
05.36380, 115.39544, 
05.36390, 115.39551, 
05.36401, 115.39557, 
05.36432, 115.39578, 
05.36545, 115.39644, 
05.36600, 115.39674, 
05.36628, 115.39693, 
05.36630, 115.39694, 
05.36698, 115.39752, 
05.36723, 115.39771, 
05.36753, 115.39796, 
05.36759, 115.39800, 
05.36825, 115.39859, 
05.36871, 115.39903, 
05.37150, 115.40152, 
05.37197, 115.40190, 
05.37218, 115.40211, 
05.37232, 115.40227, 
05.37250, 115.40254, 
05.37251, 115.40255, 
05.37263, 115.40281, 
05.37272, 115.40307, 
05.37298, 115.40509, 
05.37306, 115.40547, 
05.37314, 115.40573, 
05.37324, 115.40599, 
05.37351, 115.40651, 
05.37366, 115.40676, 
05.37413, 115.40740, 
05.37431, 115.40767, 
05.37439, 115.40781, 
05.37449, 115.40796, 
05.37451, 115.40801, 
05.37513, 115.40896, 
05.37648, 115.41141, 
05.37653, 115.41148, 
05.37735, 115.41303, 
05.37741, 115.41312, 
05.37793, 115.41411, 
05.37895, 115.41593, 
05.37915, 115.41624, 
05.37935, 115.41651, 
05.37955, 115.41673, 
05.37970, 115.41688, 
05.37990, 115.41705, 
05.38015, 115.41723, 
05.38064, 115.41751, 
05.38116, 115.41778, 
05.38190, 115.41821, 
05.38230, 115.41849, 
05.38246, 115.41864, 
05.38248, 115.41867, 
05.38264, 115.41886, 
05.38279, 115.41906, 
05.38334, 115.41994, 
05.38465, 115.42185, 
05.38466, 115.42186, 
05.38495, 115.42236, 
05.38496, 115.42239, 
05.38519, 115.42284, 
05.38533, 115.42323, 
05.38534, 115.42329, 
05.38543, 115.42358, 
05.38568, 115.42473, 
05.38576, 115.42519, 
05.38576, 115.42522, 
05.38659, 115.42941, 
05.38663, 115.42953, 
05.38667, 115.42971, 
05.38675, 115.42998, 
05.38690, 115.43039, 
05.38698, 115.43055, 
05.38817, 115.43326, 
05.38870, 115.43441, 
05.38879, 115.43463, 
05.38879, 115.43464, 
05.38939, 115.43596, 
05.39024, 115.43774, 
05.39031, 115.43791, 
05.39039, 115.43807, 
05.39046, 115.43824, 
05.39051, 115.43833, 
05.39069, 115.43873, 
05.39070, 115.43873, 
05.39093, 115.43910, 
05.39116, 115.43939, 
05.39135, 115.43960, 
05.39139, 115.43963, 
05.39301, 115.44056, 
05.39520, 115.44176, 
05.39599, 115.44214, 
05.39602, 115.44215, 
05.39615, 115.44223, 
05.39816, 115.44329, 
05.39870, 115.44360, 
05.39913, 115.44382, 
05.39954, 115.44405, 
05.39986, 115.44421, 
05.39989, 115.44422, 
05.40058, 115.44457, 
05.40061, 115.44458, 
05.40264, 115.44552, 
05.40272, 115.44555, 
05.40404, 115.44617, 
05.40405, 115.44618, 
05.40521, 115.44674, 
05.40566, 115.44698, 
05.40611, 115.44730, 
05.40802, 115.44893, 
05.40808, 115.44897, 
05.41138, 115.45168, 
05.41245, 115.45251, 
05.41318, 115.45303, 
05.41319, 115.45304, 
05.41411, 115.45366, 
05.41512, 115.45439, 
05.41704, 115.45572, 
05.41720, 115.45582, 
05.41859, 115.45679, 
05.41903, 115.45706, 
05.41949, 115.45730, 
05.42009, 115.45754, 
05.42010, 115.45755, 
05.42074, 115.45775, 
05.42104, 115.45782, 
05.42106, 115.45782, 
05.42168, 115.45792, 
05.42170, 115.45793, 
05.42220, 115.45796, 
05.42492, 115.45791, 
05.42501, 115.45790, 
05.42574, 115.45790, 
05.42592, 115.45791, 
05.42616, 115.45794, 
05.42618, 115.45794, 
05.42654, 115.45801, 
05.42656, 115.45801, 
05.42677, 115.45806, 
05.42777, 115.45825, 
05.42806, 115.45833, 
05.42810, 115.45833, 
05.42886, 115.45860, 
05.42926, 115.45883, 
05.43036, 115.45960, 
05.43039, 115.45963, 
05.43133, 115.46030, 
05.43139, 115.46035, 
05.43276, 115.46131, 
05.43291, 115.46140, 
05.43460, 115.46256, 
05.43469, 115.46261, 
05.43517, 115.46293, 
05.43553, 115.46319, 
05.43591, 115.46343, 
05.43594, 115.46344, 
05.43697, 115.46400, 
05.43888, 115.46485, 
05.43926, 115.46504, 
05.43956, 115.46517, 
05.44020, 115.46548, 
05.44113, 115.46590, 
05.44154, 115.46611, 
05.44191, 115.46633, 
05.44272, 115.46687, 
05.44310, 115.46716, 
05.44359, 115.46756, 
05.44481, 115.46868, 
05.44546, 115.46937, 
05.44564, 115.46958, 
05.44566, 115.46961, 
05.44579, 115.46976, 
05.44636, 115.47049, 
05.44686, 115.47127, 
05.44876, 115.47464, 
05.44877, 115.47467, 
05.44947, 115.47589, 
05.45213, 115.48075, 
05.45247, 115.48130, 
05.45402, 115.48413, 
05.45406, 115.48422, 
05.45557, 115.48694, 
05.45572, 115.48719, 
05.45594, 115.48751, 
05.45612, 115.48775, 
05.45659, 115.48829, 
05.45704, 115.48877, 
05.45737, 115.48910, 
05.45738, 115.48912, 
05.45750, 115.48923, 
05.45869, 115.49044, 
05.45876, 115.49052, 
05.45890, 115.49066, 
05.45908, 115.49088, 
05.45931, 115.49122, 
05.45955, 115.49162, 
05.46007, 115.49266, 
05.46008, 115.49267, 
05.46063, 115.49372, 
05.46078, 115.49405, 
05.46099, 115.49447, 
05.46101, 115.49453, 
05.46123, 115.49496, 
05.46138, 115.49529, 
05.46338, 115.49930, 
05.46350, 115.49959, 
05.46446, 115.50153, 
05.46446, 115.50154, 
05.46469, 115.50201, 
05.46492, 115.50255, 
05.46520, 115.50330, 
05.46520, 115.50332, 
05.46536, 115.50386, 
05.46539, 115.50400, 
05.46546, 115.50422, 
05.46610, 115.50662, 
05.46639, 115.50795, 
05.46653, 115.50875, 
05.46664, 115.50918, 
05.46678, 115.50960, 
05.46694, 115.50997, 
05.46720, 115.51047, 
05.46725, 115.51055, 
05.46749, 115.51102, 
05.46770, 115.51135, 
05.46780, 115.51149, 
05.46794, 115.51165, 
05.46805, 115.51175, 
05.46886, 115.51256, 
05.46915, 115.51291, 
05.46945, 115.51334, 
05.46986, 115.51397, 
05.47154, 115.51671, 
05.47177, 115.51711, 
05.47336, 115.51966, 
05.47352, 115.51994, 
05.47393, 115.52057, 
05.47394, 115.52058, 
05.47510, 115.52245, 
05.47537, 115.52285, 
05.47550, 115.52301, 
05.47571, 115.52323, 
05.47586, 115.52335, 
05.47620, 115.52357, 
05.47648, 115.52370, 
05.47776, 115.52409, 
05.47874, 115.52436, 
05.47908, 115.52448, 
05.48021, 115.52495, 
05.48060, 115.52514, 
05.48140, 115.52558, 
05.48216, 115.52606, 
05.48310, 115.52673, 
05.48310, 115.52674, 
05.48424, 115.52763, 
05.48697, 115.53002, 
05.48710, 115.53015, 
05.48750, 115.53049, 
05.48767, 115.53062, 
05.48826, 115.53117, 
05.48842, 115.53135, 
05.48867, 115.53160, 
05.48906, 115.53203, 
05.48996, 115.53313, 
05.49030, 115.53359, 
05.49063, 115.53398, 
05.49108, 115.53455, 
05.49356, 115.53796, 
05.49486, 115.53969, 
05.49491, 115.53977, 
05.49628, 115.54162, 
05.49657, 115.54204, 
05.49680, 115.54244, 
05.49694, 115.54273, 
05.49702, 115.54292, 
05.49716, 115.54335, 
05.49722, 115.54357, 
05.49732, 115.54422, 
05.49734, 115.54484, 
05.49728, 115.54651, 
05.49730, 115.54704, 
05.49735, 115.54749, 
05.49737, 115.54759, 
05.49737, 115.54762, 
05.49749, 115.54811, 
05.49771, 115.54872, 
05.49785, 115.54904, 
05.49787, 115.54910, 
05.49821, 115.54992, 
05.49825, 115.55006, 
05.49831, 115.55023, 
05.49840, 115.55065, 
05.49872, 115.55244, 
05.49875, 115.55268, 
05.49876, 115.55269, 
05.49884, 115.55316, 
05.49900, 115.55388, 
05.49901, 115.55389, 
05.49902, 115.55389, 
05.49904, 115.55391, 
05.49904, 115.55392, 
05.49905, 115.55392, 
05.49906, 115.55393, 
05.49906, 115.55394, 
05.49907, 115.55395, 
05.49907, 115.55398, 
05.49908, 115.55400, 
05.49908, 115.55404, 
05.49907, 115.55405, 
05.49907, 115.55407, 
05.49906, 115.55408, 
05.49906, 115.55409, 
05.49905, 115.55410, 
05.49905, 115.55411, 
05.49904, 115.55412, 
05.49903, 115.55412, 
05.49903, 115.55413, 
05.49902, 115.55414, 
05.49901, 115.55414, 
05.49899, 115.55416, 
05.49897, 115.55416, 
05.49896, 115.55417, 
05.49889, 115.55417, 
05.49887, 115.55416, 
05.49870, 115.55416, 
05.49847, 115.55419, 
05.49036, 115.55882, 
05.48857, 115.55981, 
05.48807, 115.56015, 
05.48790, 115.56029, 
05.48664, 115.56157, 
05.47942, 115.56824, 
05.47723, 115.57048, 
05.47674, 115.57102, 
05.47410, 115.57367, 
05.47019, 115.57740, 
05.47000, 115.57760, 
05.46943, 115.57812, 
05.46140, 115.58594, 
05.46108, 115.58634, 
05.46079, 115.58681, 
05.46063, 115.58718, 
05.46055, 115.58749, 
05.46037, 115.58849, 
05.46036, 115.58858, 
05.46024, 115.58924, 
05.46011, 115.59023, 
05.46002, 115.59259, 
05.45985, 115.59558, 
05.45979, 115.59628, 
05.45964, 115.59710, 
05.45939, 115.59798, 
05.45922, 115.59846, 
05.45309, 115.61802, 
05.45278, 115.61925, 
05.45256, 115.61982, 
05.45161, 115.62179, 
05.45102, 115.62310, 
05.45083, 115.62341, 
05.45048, 115.62387, 
05.44801, 115.62696, 
05.44799, 115.62697, 
05.44718, 115.62799, 
05.44640, 115.62890, 
05.44596, 115.62931, 
05.44595, 115.62933, 
05.44551, 115.62973, 
05.44480, 115.63044, 
05.44440, 115.63091, 
05.44436, 115.63098, 
05.44426, 115.63109, 
05.44380, 115.63171, 
05.44347, 115.63221, 
05.44263, 115.63341, 
05.43589, 115.64184, 
05.43586, 115.64187, 
05.43514, 115.64279, 
05.43511, 115.64282, 
05.43452, 115.64357, 
05.43444, 115.64366, 
05.43434, 115.64380, 
05.43009, 115.64902, 
05.42921, 115.65005, 
05.42503, 115.65519, 
05.42464, 115.65570, 
05.42445, 115.65603, 
05.42440, 115.65613, 
05.42435, 115.65628, 
05.42430, 115.65651, 
05.42427, 115.65677, 
05.42428, 115.65699, 
05.42431, 115.65720, 
05.42436, 115.65744, 
05.42437, 115.65747, 
05.42446, 115.65788, 
05.42447, 115.65808, 
05.42446, 115.65831, 
05.42444, 115.65846, 
05.42330, 115.66435, 
05.42323, 115.66466, 
05.42315, 115.66510, 
05.42295, 115.66581, 
05.42285, 115.66608, 
05.42249, 115.66680, 
05.42165, 115.66831, 
05.42151, 115.66853, 
05.42112, 115.66926, 
05.42096, 115.66964, 
05.42083, 115.67004, 
05.42069, 115.67068, 
05.42063, 115.67103, 
05.42043, 115.67186, 
05.42009, 115.67276, 
05.41870, 115.67586, 
05.41834, 115.67658, 
05.41818, 115.67687, 
05.41792, 115.67725, 
05.41765, 115.67760, 
05.41715, 115.67813, 
05.41687, 115.67837, 
05.41656, 115.67859, 
05.41625, 115.67879, 
05.41283, 115.68045, 
05.41232, 115.68067, 
05.41117, 115.68110, 
05.41083, 115.68126, 
05.41055, 115.68144, 
05.41033, 115.68165, 
05.41018, 115.68181, 
05.41001, 115.68202, 
05.40942, 115.68291, 
05.40902, 115.68348, 
05.40859, 115.68383, 
05.40850, 115.68389, 
05.40803, 115.68415, 
05.40753, 115.68436, 
05.40724, 115.68444, 
05.40706, 115.68448, 
05.40670, 115.68453, 
05.40621, 115.68456, 
05.40572, 115.68448, 
05.40531, 115.68437, 
05.40525, 115.68436, 
05.40438, 115.68409, 
05.40394, 115.68399, 
05.40316, 115.68388, 
05.40233, 115.68392, 
05.40185, 115.68399, 
05.40163, 115.68401, 
05.40099, 115.68414, 
05.40068, 115.68425, 
05.40039, 115.68441, 
05.40011, 115.68460, 
05.39999, 115.68466, 
05.39837, 115.68580, 
05.39835, 115.68582, 
05.39689, 115.68677, 
05.39685, 115.68679, 
05.39597, 115.68736, 
05.39593, 115.68738, 
05.39060, 115.69075, 
05.39058, 115.69077, 
05.39021, 115.69100, 
05.38952, 115.69146, 
05.38928, 115.69160, 
05.38875, 115.69198, 
05.38816, 115.69249, 
05.38764, 115.69304, 
05.38630, 115.69460, 
05.38628, 115.69463, 
05.38537, 115.69567, 
05.38530, 115.69576, 
05.38486, 115.69625, 
05.38480, 115.69633, 
05.38461, 115.69651, 
05.38448, 115.69665, 
05.38418, 115.69692, 
05.38375, 115.69723, 
05.38343, 115.69743, 
05.38319, 115.69756, 
05.38239, 115.69791, 
05.38199, 115.69810, 
05.38194, 115.69813, 
05.38175, 115.69820, 
05.38136, 115.69838, 
05.38125, 115.69844, 
05.38114, 115.69849, 
05.38105, 115.69852, 
05.38105, 115.69848, 
05.38104, 115.69848, 
05.38104, 115.69847, 
05.38103, 115.69847, 
05.38103, 115.69846, 
05.38102, 115.69846, 
05.38102, 115.69845, 
05.38099, 115.69845, 
05.38099, 115.69844, 
05.38098, 115.69844, 
05.38098, 115.69845, 
05.38095, 115.69845, 
05.38095, 115.69846, 
05.38094, 115.69846, 
05.38094, 115.69847, 
05.38093, 115.69847, 
05.38093, 115.69848, 
05.38092, 115.69848, 
05.38092, 115.69854, 
05.38093, 115.69854, 
05.38093, 115.69856, 
05.38094, 115.69856, 
05.38094, 115.69857, 
05.38096, 115.69857, 
05.38071, 115.69868, 
05.38057, 115.69871, 
05.38046, 115.69875, 
05.38020, 115.69887, 
05.37928, 115.69920, 
05.37878, 115.69933, 
05.37863, 115.69936, 
05.37831, 115.69940, 
05.37768, 115.69941, 
05.37733, 115.69939, 
05.37551, 115.69922, 
05.37548, 115.69921, 
05.37481, 115.69915, 
05.37471, 115.69915, 
05.37337, 115.69902, 
05.37327, 115.69902, 
05.37266, 115.69895, 
05.37249, 115.69891, 
05.37228, 115.69884, 
05.37227, 115.69884, 
05.37227, 115.69885, 
05.37226, 115.69886, 
05.37226, 115.69887, 
05.37225, 115.69887, 
05.37223, 115.69889, 
05.37222, 115.69889, 
05.37222, 115.69890, 
05.37220, 115.69890, 
05.37219, 115.69891, 
05.37210, 115.69891, 
05.37210, 115.69890, 
05.37209, 115.69890, 
05.37208, 115.69889, 
05.37207, 115.69889, 
05.37207, 115.69888, 
05.37206, 115.69888, 
05.37206, 115.69887, 
05.37205, 115.69887, 
05.37204, 115.69886, 
05.37204, 115.69885, 
05.37203, 115.69885, 
05.37203, 115.69884, 
05.37164, 115.69900, 
05.37091, 115.69924, 
05.36988, 115.69955, 
05.36947, 115.69970, 
05.36935, 115.69976, 
05.36921, 115.69987, 
05.36902, 115.70007, 
05.36900, 115.70010, 
05.36885, 115.70028, 
05.36872, 115.70042, 
05.36844, 115.70064, 
05.36832, 115.70075, 
05.36797, 115.70102, 
05.36789, 115.70109, 
05.36767, 115.70125, 
05.36752, 115.70134, 
05.36739, 115.70140, 
05.36721, 115.70147, 
05.36718, 115.70149, 
05.36688, 115.70160, 
05.36653, 115.70168, 
05.36638, 115.70170, 
05.36579, 115.70169, 
05.36567, 115.70168, 
05.36535, 115.70168, 
05.36514, 115.70171, 
05.36413, 115.70198, 
05.36377, 115.70210, 
05.36350, 115.70223, 
05.36325, 115.70240, 
05.36313, 115.70250, 
05.36284, 115.70283, 
05.36278, 115.70291, 
05.36270, 115.70308, 
05.36265, 115.70325, 
05.36267, 115.70337, 
05.36273, 115.70355, 
05.36288, 115.70382, 
05.36295, 115.70392, 
05.36321, 115.70424, 
05.36326, 115.70432, 
05.36332, 115.70446, 
05.36336, 115.70463, 
05.36338, 115.70484, 
05.36339, 115.70507, 
05.36340, 115.70510, 
05.36342, 115.70530, 
05.36343, 115.70573, 
05.36336, 115.70638, 
05.36336, 115.70650, 
05.36335, 115.70658, 
05.36335, 115.70688, 
05.36336, 115.70705, 
05.36337, 115.70712, 
05.36339, 115.70746, 
05.36341, 115.70756, 
05.36352, 115.70869, 
05.36351, 115.70883, 
05.36348, 115.70899, 
05.36338, 115.70929, 
05.36308, 115.71000, 
05.36290, 115.71036, 
05.36282, 115.71048, 
05.36269, 115.71061, 
05.36261, 115.71068, 
05.36219, 115.71099, 
05.36193, 115.71115, 
05.36118, 115.71168, 
05.36068, 115.71207, 
05.36013, 115.71262, 
05.36004, 115.71273, 
05.35968, 115.71304, 
05.35964, 115.71306, 
05.35953, 115.71313, 
05.35898, 115.71339, 
05.35852, 115.71366, 
05.35839, 115.71376, 
05.35827, 115.71389, 
05.35818, 115.71401, 
05.35814, 115.71409, 
05.35809, 115.71417, 
05.35804, 115.71430, 
05.35804, 115.71431, 
05.35800, 115.71442, 
05.35790, 115.71482, 
05.35788, 115.71493, 
05.35788, 115.71494, 
05.35779, 115.71534, 
05.35760, 115.71653, 
05.35760, 115.71661, 
05.35752, 115.71694, 
05.35751, 115.71696, 
05.35743, 115.71719, 
05.35733, 115.71742, 
05.35715, 115.71771, 
05.35694, 115.71797, 
05.35523, 115.71968, 
05.35499, 115.71988, 
05.35474, 115.72005, 
05.35458, 115.72014, 
05.35448, 115.72023, 
05.35447, 115.72023, 
05.35440, 115.72031, 
05.35435, 115.72038, 
05.35422, 115.72060, 
05.35417, 115.72082, 
05.35416, 115.72090, 
05.35415, 115.72126, 
05.35414, 115.72133, 
05.35413, 115.72156, 
05.35409, 115.72184, 
05.35398, 115.72238, 
05.35396, 115.72244, 
05.35389, 115.72277, 
05.35387, 115.72284, 
05.35386, 115.72291, 
05.35369, 115.72362, 
05.35356, 115.72434, 
05.35355, 115.72461, 
05.35358, 115.72478, 
05.35365, 115.72557, 
05.35365, 115.72585, 
05.35362, 115.72651, 
05.35363, 115.72692, 
05.35367, 115.72704, 
05.35373, 115.72717, 
05.35382, 115.72730, 
05.35385, 115.72730, 
05.35387, 115.72732, 
05.35388, 115.72732, 
05.35389, 115.72734, 
05.35390, 115.72735, 
05.35391, 115.72737, 
05.35392, 115.72738, 
05.35393, 115.72740, 
05.35394, 115.72741, 
05.35394, 115.72743, 
05.35395, 115.72745, 
05.35395, 115.72746, 
05.35396, 115.72748, 
05.35396, 115.72751, 
05.35395, 115.72753, 
05.35395, 115.72754, 
05.35394, 115.72756, 
05.35394, 115.72757, 
05.35393, 115.72758, 
05.35392, 115.72760, 
05.35391, 115.72761, 
05.35389, 115.72762, 
05.35387, 115.72764, 
05.35386, 115.72764, 
05.35384, 115.72765, 
05.35383, 115.72765, 
05.35383, 115.72766, 
05.35372, 115.72766, 
05.35371, 115.72765, 
05.35369, 115.72765, 
05.35366, 115.72762, 
05.35364, 115.72761, 
05.35362, 115.72759, 
05.35362, 115.72757, 
05.35361, 115.72756, 
05.35343, 115.72753, 
05.35315, 115.72743, 
05.35307, 115.72738, 
05.35300, 115.72732, 
05.35284, 115.72722, 
05.35108, 115.72569, 
05.35094, 115.72559, 
05.35078, 115.72551, 
05.35061, 115.72544, 
05.35035, 115.72540, 
05.34990, 115.72538, 
05.34880, 115.72539, 
05.34836, 115.72542, 
05.34810, 115.72541, 
05.34802, 115.72540, 
05.34798, 115.72540, 
05.34773, 115.72534, 
05.34560, 115.72449, 
05.34455, 115.72411, 
05.34431, 115.72408, 
05.34423, 115.72408, 
05.34406, 115.72406, 
05.34361, 115.72404, 
05.34336, 115.72408, 
05.34318, 115.72412, 
05.34246, 115.72436, 
05.34228, 115.72440, 
05.34204, 115.72442, 
05.34178, 115.72440, 
05.34175, 115.72441, 
05.34167, 115.72440, 
05.34152, 115.72442, 
05.34121, 115.72440, 
05.34121, 115.72441, 
05.34119, 115.72443, 
05.34118, 115.72445, 
05.34118, 115.72446, 
05.34117, 115.72446, 
05.34114, 115.72449, 
05.34112, 115.72449, 
05.34111, 115.72450, 
05.34109, 115.72450, 
05.34108, 115.72451, 
05.34102, 115.72451, 
05.34100, 115.72450, 
05.34099, 115.72450, 
05.34097, 115.72449, 
05.34096, 115.72449, 
05.34094, 115.72448, 
05.34091, 115.72445, 
05.34090, 115.72443, 
05.34088, 115.72441, 
05.34087, 115.72439, 
05.34087, 115.72438, 
05.34086, 115.72436, 
05.34086, 115.72429, 
05.34087, 115.72427, 
05.34087, 115.72426, 
05.34088, 115.72424, 
05.34088, 115.72423, 
05.34089, 115.72422, 
05.34090, 115.72420, 
05.34092, 115.72418, 
05.34085, 115.72405, 
05.34072, 115.72385, 
05.34054, 115.72354, 
05.34026, 115.72319, 
05.34002, 115.72297, 
05.33982, 115.72281, 
05.33943, 115.72256, 
05.33935, 115.72250, 
05.33912, 115.72236, 
05.33885, 115.72224, 
05.33856, 115.72215, 
05.33850, 115.72215, 
05.33750, 115.72182, 
05.33742, 115.72184, 
05.33739, 115.72184, 
05.33615, 115.72143, 
05.33588, 115.72133, 
05.33485, 115.72102, 
05.33428, 115.72079, 
05.33426, 115.72077, 
05.33425, 115.72075, 
05.33406, 115.72066, 
05.33364, 115.72042, 
05.33316, 115.72012, 
05.33211, 115.71953, 
05.33139, 115.71915, 
05.33138, 115.71914, 
05.32791, 115.71708, 
05.32770, 115.71694, 
05.32766, 115.71692, 
05.32662, 115.71627, 
05.32661, 115.71626, 
05.32345, 115.71420, 
05.32224, 115.71345, 
05.32166, 115.71307, 
05.32155, 115.71301, 
05.32107, 115.71270, 
05.32102, 115.71266, 
05.32080, 115.71252, 
05.32022, 115.71210, 
05.31990, 115.71183, 
05.31829, 115.71027, 
05.31805, 115.71006, 
05.31625, 115.70835, 
05.31581, 115.70791, 
05.31554, 115.70762, 
05.31532, 115.70736, 
05.31488, 115.70679, 
05.31472, 115.70655, 
05.31108, 115.70064, 
05.31094, 115.70043, 
05.31082, 115.70027, 
05.31057, 115.70000, 
05.31047, 115.69992, 
05.31042, 115.69987, 
05.31018, 115.69967, 
05.30981, 115.69945, 
05.30963, 115.69936, 
05.30709, 115.69824, 
05.30619, 115.69788, 
05.30563, 115.69774, 
05.30406, 115.69750, 
05.30390, 115.69746, 
05.30354, 115.69735, 
05.29950, 115.69529, 
05.29949, 115.69529, 
05.29875, 115.69490, 
05.29823, 115.69451, 
05.29789, 115.69415, 
05.29773, 115.69396, 
05.29334, 115.68825, 
05.29314, 115.68803, 
05.29291, 115.68781, 
05.29269, 115.68764, 
05.29251, 115.68752, 
05.29250, 115.68752, 
05.29213, 115.68729, 
05.28934, 115.68581, 
05.28859, 115.68539, 
05.28838, 115.68526, 
05.28805, 115.68502, 
05.28775, 115.68475, 
05.28763, 115.68462, 
05.28755, 115.68452, 
05.28747, 115.68444, 
05.28726, 115.68418, 
05.28685, 115.68371, 
05.28653, 115.68342, 
05.28636, 115.68329, 
05.28610, 115.68311, 
05.28578, 115.68293, 
05.28576, 115.68291, 
05.28407, 115.68195, 
05.28301, 115.68131, 
05.28254, 115.68098, 
05.28209, 115.68060, 
05.28162, 115.68014, 
05.27670, 115.67485, 
05.27649, 115.67458, 
05.27127, 115.66894, 
05.27123, 115.66889, 
05.27015, 115.66772, 
05.26980, 115.66731, 
05.26928, 115.66663, 
05.26890, 115.66604, 
05.26778, 115.66412, 
05.26711, 115.66286, 
05.26480, 115.65883, 
05.26418, 115.65785, 
05.26360, 115.65686, 
05.26356, 115.65678, 
05.26301, 115.65585, 
05.26301, 115.65584, 
05.26265, 115.65522, 
05.26260, 115.65512, 
05.26239, 115.65476, 
05.26227, 115.65453, 
05.26206, 115.65421, 
05.26199, 115.65404, 
05.26179, 115.65375, 
05.26156, 115.65346, 
05.26110, 115.65294, 
05.26012, 115.65196, 
05.25951, 115.65144, 
05.25920, 115.65120, 
05.25855, 115.65077, 
05.25803, 115.65046, 
05.25763, 115.65026, 
05.25751, 115.65019, 
05.25684, 115.64987, 
05.25645, 115.64971, 
05.25603, 115.64956, 
05.25589, 115.64950, 
05.25562, 115.64941, 
05.25463, 115.64915, 
05.25395, 115.64902, 
05.25353, 115.64896, 
05.25294, 115.64891, 
05.25186, 115.64886, 
05.25066, 115.64893, 
05.25064, 115.64894, 
05.24794, 115.64920, 
05.24788, 115.64920, 
05.24729, 115.64925, 
05.24715, 115.64928, 
05.24640, 115.64932, 
05.24597, 115.64931, 
05.24550, 115.64927, 
05.24541, 115.64925, 
05.24526, 115.64923, 
05.24479, 115.64914, 
05.24371, 115.64897, 
05.24234, 115.64885, 
05.23992, 115.64848, 
05.23857, 115.64832, 
05.23819, 115.64826, 
05.23721, 115.64814, 
05.23675, 115.64810, 
05.23653, 115.64807, 
05.23647, 115.64807, 
05.23479, 115.64789, 
05.23472, 115.64789, 
05.23385, 115.64781, 
05.23293, 115.64768, 
05.23198, 115.64759, 
05.23096, 115.64744, 
05.22897, 115.64722, 
05.22827, 115.64711, 
05.22771, 115.64699, 
05.22707, 115.64680, 
05.22680, 115.64669, 
05.22590, 115.64621, 
05.22357, 115.64488, 
05.22254, 115.64438, 
05.22188, 115.64410, 
05.22019, 115.64345, 
05.22005, 115.64336, 
05.21992, 115.64329, 
05.21952, 115.64302, 
05.21924, 115.64279, 
05.21897, 115.64253, 
05.21877, 115.64227, 
05.21801, 115.64083, 
05.21759, 115.64012, 
05.21754, 115.64005, 
05.21730, 115.63978, 
05.21705, 115.63953, 
05.21681, 115.63933, 
05.21661, 115.63919, 
05.21603, 115.63883, 
05.21544, 115.63850, 
05.21461, 115.63799, 
05.21433, 115.63779, 
05.21432, 115.63778, 
05.21415, 115.63766, 
05.21375, 115.63732, 
05.21337, 115.63695, 
05.21270, 115.63620, 
05.21262, 115.63609, 
05.21258, 115.63601, 
05.21257, 115.63598, 
05.21257, 115.63596, 
05.21254, 115.63591, 
05.21246, 115.63557, 
05.21244, 115.63551, 
05.21230, 115.63532, 
05.21215, 115.63518, 
05.21203, 115.63503, 
05.21170, 115.63473, 
05.21132, 115.63446, 
05.21118, 115.63435, 
05.21097, 115.63423, 
05.21070, 115.63412, 
05.21049, 115.63405, 
05.21044, 115.63404, 
05.21038, 115.63405, 
05.21022, 115.63405, 
05.21012, 115.63404, 
05.20939, 115.63380, 
05.20869, 115.63354, 
05.20732, 115.63308, 
05.20682, 115.63287, 
05.20666, 115.63278, 
05.20662, 115.63275, 
05.20646, 115.63265, 
05.20614, 115.63242, 
05.20608, 115.63236, 
05.20594, 115.63225, 
05.20581, 115.63212, 
05.20567, 115.63200, 
05.20529, 115.63162, 
05.20528, 115.63160, 
05.20511, 115.63136, 
05.20510, 115.63132, 
05.20507, 115.63126, 
05.20504, 115.63117, 
05.20501, 115.63111, 
05.20471, 115.63072, 
05.20406, 115.62993, 
05.20401, 115.62989, 
05.20385, 115.62972, 
05.20359, 115.62955, 
05.20303, 115.62923, 
05.20280, 115.62912, 
05.20257, 115.62904, 
05.20233, 115.62898, 
05.20155, 115.62883, 
05.20122, 115.62879, 
05.20103, 115.62878, 
05.20041, 115.62878, 
05.20023, 115.62877, 
05.19945, 115.62878, 
05.19900, 115.62876, 
05.19861, 115.62871, 
05.19815, 115.62862, 
05.19771, 115.62851, 
05.19670, 115.62821, 
05.19653, 115.62815, 
05.19442, 115.62753, 
05.19400, 115.62742, 
05.19379, 115.62738, 
05.19376, 115.62737, 
05.19353, 115.62734, 
05.19322, 115.62732, 
05.19286, 115.62732, 
05.19215, 115.62745, 
05.19190, 115.62752, 
05.19142, 115.62772, 
05.18986, 115.62827, 
05.18953, 115.62837, 
05.18819, 115.62870, 
05.18711, 115.62890, 
05.18606, 115.62902, 
05.18454, 115.62910, 
05.18328, 115.62907, 
05.18029, 115.62893, 
05.17956, 115.62893, 
05.17856, 115.62887, 
05.17455, 115.62871, 
05.17336, 115.62869, 
05.17112, 115.62859, 
05.17056, 115.62854, 
05.17024, 115.62848, 
05.16870, 115.62802, 
05.16759, 115.62756, 
05.16758, 115.62756, 
05.16716, 115.62747, 
05.16674, 115.62746, 
05.16636, 115.62750, 
05.16598, 115.62762, 
05.16569, 115.62774, 
05.16521, 115.62813, 
05.16498, 115.62839, 
05.16477, 115.62872, 
05.16384, 115.63064, 
05.16325, 115.63154, 
05.16303, 115.63180, 
05.16241, 115.63237, 
05.16234, 115.63242, 
05.16214, 115.63254, 
05.16150, 115.63288, 
05.16075, 115.63313, 
05.16013, 115.63323, 
05.15903, 115.63347, 
05.15880, 115.63354, 
05.15858, 115.63363, 
05.15854, 115.63366, 
05.15828, 115.63381, 
05.15799, 115.63400, 
05.15780, 115.63417, 
05.15757, 115.63444, 
05.15741, 115.63480, 
05.15650, 115.63750, 
05.15616, 115.63861, 
05.15604, 115.63894, 
05.15604, 115.63895, 
05.15594, 115.63923, 
05.15568, 115.63969, 
05.15570, 115.63972, 
05.15572, 115.63976, 
05.15572, 115.63979, 
05.15574, 115.63988, 
05.15574, 115.63995, 
05.15572, 115.64002, 
05.15571, 115.64003, 
05.15569, 115.64006, 
05.15567, 115.64010, 
05.15510, 115.64077, 
05.15344, 115.64234, 
05.15252, 115.64314, 
05.15248, 115.64316, 
05.15216, 115.64342, 
05.15169, 115.64362, 
05.15141, 115.64372, 
05.15137, 115.64373, 
05.15137, 115.64374, 
05.15090, 115.64384, 
05.15035, 115.64392, 
05.15031, 115.64393, 
05.15022, 115.64394, 
05.14974, 115.64407, 
05.14966, 115.64410, 
05.14962, 115.64411, 
05.14914, 115.64428, 
05.14871, 115.64446, 
05.14818, 115.64472, 
05.14801, 115.64479, 
05.14796, 115.64480, 
05.14793, 115.64481, 
05.14784, 115.64481, 
05.14780, 115.64477, 
05.14754, 115.64487, 
05.14719, 115.64496, 
05.14695, 115.64498, 
05.14686, 115.64498, 
05.14676, 115.64499, 
05.14656, 115.64498, 
05.14630, 115.64492, 
05.14619, 115.64488, 
05.14595, 115.64481, 
05.14571, 115.64469, 
05.14335, 115.64335, 
05.14297, 115.64316, 
05.14277, 115.64310, 
05.14254, 115.64308, 
05.14195, 115.64308, 
05.14177, 115.64309, 
05.14170, 115.64310, 
05.14165, 115.64310, 
05.14139, 115.64317, 
05.14121, 115.64324, 
05.14100, 115.64334, 
05.14005, 115.64397, 
05.13970, 115.64415, 
05.13962, 115.64420, 
05.13932, 115.64432, 
05.13906, 115.64438, 
05.13885, 115.64440, 
05.13883, 115.64441, 
05.13833, 115.64441, 
05.13831, 115.64440, 
05.13813, 115.64438, 
05.13810, 115.64438, 
05.13799, 115.64436, 
05.13765, 115.64427, 
05.13730, 115.64413, 
05.13693, 115.64391, 
05.13679, 115.64380, 
05.13669, 115.64370, 
05.13660, 115.64363, 
05.13648, 115.64351, 
05.13636, 115.64337, 
05.13621, 115.64316, 
05.13614, 115.64303, 
05.13541, 115.64186, 
05.13524, 115.64150, 
05.13514, 115.64134, 
05.13503, 115.64120, 
05.13471, 115.64100, 
05.13442, 115.64085, 
05.13430, 115.64077, 
05.13423, 115.64074, 
05.13412, 115.64067, 
05.13407, 115.64065, 
05.13393, 115.64062, 
05.13306, 115.64052, 
05.13291, 115.64051, 
05.13237, 115.64044, 
05.13204, 115.64038, 
05.13183, 115.64037, 
05.13166, 115.64042, 
05.13164, 115.64043, 
05.13151, 115.64047, 
05.13147, 115.64047, 
05.13145, 115.64048, 
05.13118, 115.64049, 
05.13106, 115.64046, 
05.13091, 115.64041, 
05.13077, 115.64035, 
05.13017, 115.63997, 
05.12975, 115.63963, 
05.12934, 115.63915, 
05.12930, 115.63908, 
05.12929, 115.63907, 
05.12908, 115.63870, 
05.12890, 115.63832, 
05.12881, 115.63810, 
05.12878, 115.63800, 
05.12875, 115.63794, 
05.12863, 115.63760, 
05.12856, 115.63743, 
05.12849, 115.63723, 
05.12773, 115.63532, 
05.12742, 115.63461, 
05.12669, 115.63275, 
05.12653, 115.63240, 
05.12646, 115.63220, 
05.12635, 115.63199, 
05.12620, 115.63176, 
05.12592, 115.63146, 
05.12591, 115.63146, 
05.12561, 115.63115, 
05.12504, 115.63067, 
05.12471, 115.63030, 
05.12470, 115.63028, 
05.12462, 115.63018, 
05.12446, 115.62988, 
05.12433, 115.62954, 
05.12428, 115.62931, 
05.12425, 115.62909, 
05.12414, 115.62721, 
05.12415, 115.62715, 
05.12414, 115.62708, 
05.12414, 115.62699, 
05.12422, 115.62659, 
05.12433, 115.62619, 
05.12487, 115.62493, 
05.12489, 115.62486, 
05.12633, 115.62143, 
05.12633, 115.62125, 
05.12635, 115.62110, 
05.12637, 115.62104, 
05.12643, 115.62091, 
05.12643, 115.62090, 
05.12649, 115.62073, 
05.12656, 115.62057, 
05.12667, 115.62024, 
05.12680, 115.61970, 
05.12683, 115.61952, 
05.12684, 115.61951, 
05.12689, 115.61915, 
05.12690, 115.61840, 
05.12683, 115.61768, 
05.12653, 115.61518, 
05.12652, 115.61517, 
05.12632, 115.61356, 
05.12618, 115.61312, 
05.12593, 115.61251, 
05.12581, 115.61231, 
05.12574, 115.61221, 
05.12551, 115.61193, 
05.12550, 115.61193, 
05.12536, 115.61177, 
05.12511, 115.61154, 
05.12466, 115.61119, 
05.12436, 115.61104, 
05.12395, 115.61079, 
05.12369, 115.61061, 
05.12347, 115.61048, 
05.12299, 115.61014, 
05.12267, 115.60985, 
05.12239, 115.60953, 
05.12237, 115.60949, 
05.12060, 115.60741, 
05.12036, 115.60709, 
05.12014, 115.60674, 
05.11974, 115.60598, 
05.11901, 115.60434, 
05.11871, 115.60386, 
05.11846, 115.60351, 
05.11799, 115.60300, 
05.11741, 115.60241, 
05.11731, 115.60240, 
05.11729, 115.60239, 
05.11720, 115.60233, 
05.11625, 115.60122, 
05.11581, 115.60076, 
05.11520, 115.60000, 
05.11449, 115.59887, 
05.11412, 115.59818, 
05.11392, 115.59785, 
05.11373, 115.59757, 
05.11350, 115.59726, 
05.11340, 115.59711, 
05.11308, 115.59671, 
05.11307, 115.59669, 
05.11255, 115.59612, 
05.11222, 115.59579, 
05.11195, 115.59548, 
05.11172, 115.59519, 
05.11144, 115.59469, 
05.11125, 115.59417, 
05.11119, 115.59384, 
05.11113, 115.59340, 
05.11112, 115.59309, 
05.11114, 115.59264, 
05.11117, 115.59243, 
05.11131, 115.59176, 
05.11139, 115.59124, 
05.11140, 115.59105, 
05.11140, 115.59072, 
05.11138, 115.59038, 
05.11136, 115.59023, 
05.11132, 115.59005, 
05.11131, 115.59005, 
05.11124, 115.58980, 
05.11116, 115.58956, 
05.11101, 115.58921, 
05.11092, 115.58904, 
05.11006, 115.58786, 
05.10993, 115.58765, 
05.10936, 115.58654, 
05.10905, 115.58581, 
05.10878, 115.58499, 
05.10869, 115.58467, 
05.10855, 115.58428, 
05.10844, 115.58388, 
05.10823, 115.58321, 
05.10803, 115.58267, 
05.10790, 115.58227, 
05.10768, 115.58171, 
05.10723, 115.58072, 
05.10693, 115.58011, 
05.10602, 115.57866, 
05.10476, 115.57695, 
05.10475, 115.57694, 
05.10438, 115.57632, 
05.10436, 115.57630, 
05.10417, 115.57602, 
05.10416, 115.57600, 
05.10296, 115.57445, 
05.10280, 115.57426, 
05.10271, 115.57410, 
05.10265, 115.57401, 
05.10255, 115.57382, 
05.10242, 115.57362, 
05.10226, 115.57343, 
05.10214, 115.57327, 
05.10213, 115.57325, 
05.10200, 115.57312, 
05.10185, 115.57294, 
05.10165, 115.57273, 
05.10144, 115.57245, 
05.10121, 115.57217, 
05.10052, 115.57144, 
05.10025, 115.57118, 
05.10020, 115.57114, 
05.09998, 115.57093, 
05.09955, 115.57057, 
05.09875, 115.57001, 
05.09801, 115.56955, 
05.09726, 115.56913, 
05.09639, 115.56875, 
05.09539, 115.56839, 
05.09508, 115.56829, 
05.09476, 115.56821, 
05.09454, 115.56814, 
05.09448, 115.56813, 
05.09411, 115.56803, 
05.09236, 115.56769, 
05.09225, 115.56766, 
05.09207, 115.56763, 
05.09190, 115.56759, 
05.09172, 115.56756, 
05.09142, 115.56749, 
05.09137, 115.56749, 
05.09084, 115.56739, 
05.09073, 115.56738, 
05.09022, 115.56729, 
05.08977, 115.56724, 
05.08971, 115.56724, 
05.08892, 115.56708, 
05.08889, 115.56707, 
05.08786, 115.56689, 
05.08768, 115.56692, 
05.08722, 115.56692, 
05.08700, 115.56691, 
05.08686, 115.56693, 
05.08669, 115.56694, 
05.08616, 115.56700, 
05.08531, 115.56692, 
05.08472, 115.56678, 
05.08442, 115.56665, 
05.08387, 115.56633, 
05.08387, 115.56632, 
05.08349, 115.56606, 
05.08327, 115.56586, 
05.08270, 115.56550, 
05.08256, 115.56537, 
05.08144, 115.56497, 
05.07921, 115.56424, 
05.07920, 115.56424, 
05.07874, 115.56408, 
05.07725, 115.56365, 
05.07646, 115.56336, 
05.07640, 115.56335, 
05.07434, 115.56265, 
05.07433, 115.56264, 
05.07261, 115.56209, 
05.07254, 115.56206, 
05.07175, 115.56183, 
05.07139, 115.56171, 
05.07073, 115.56154, 
05.07071, 115.56153, 
05.07020, 115.56138, 
05.06969, 115.56120, 
05.06930, 115.56103, 
05.06902, 115.56093, 
05.06876, 115.56087, 
05.06848, 115.56090, 
05.06823, 115.56096, 
05.06807, 115.56101, 
05.06786, 115.56104, 
05.06776, 115.56103, 
05.06753, 115.56103, 
05.06742, 115.56098, 
05.06728, 115.56094, 
05.06577, 115.56060, 
05.06564, 115.56055, 
05.06554, 115.56052, 
05.06543, 115.56047, 
05.06532, 115.56039, 
05.06475, 115.56035, 
05.06323, 115.56033, 
05.06284, 115.56034, 
05.06192, 115.56032, 
05.06142, 115.56034, 
05.06105, 115.56038, 
05.06072, 115.56040, 
05.06000, 115.56039, 
05.05901, 115.56031, 
05.05855, 115.56029, 
05.05631, 115.56028, 
05.05545, 115.56025, 
05.05479, 115.56018, 
05.05457, 115.56014, 
05.05412, 115.56000, 
05.05402, 115.55998, 
05.05303, 115.55969, 
05.05286, 115.55962, 
05.05235, 115.55935, 
05.05213, 115.55922, 
05.05172, 115.55900, 
05.05155, 115.55888, 
05.05019, 115.55782, 
05.04979, 115.55748, 
05.04925, 115.55707, 
05.04868, 115.55668, 
05.04838, 115.55649, 
05.04675, 115.55557, 
05.04618, 115.55521, 
05.04595, 115.55509, 
05.04526, 115.55461, 
05.04519, 115.55457, 
05.04510, 115.55450, 
05.04465, 115.55420, 
05.04425, 115.55397, 
05.04396, 115.55377, 
05.04380, 115.55368, 
05.04287, 115.55310, 
05.04227, 115.55267, 
05.04202, 115.55246, 
05.04200, 115.55245, 
05.04085, 115.55149, 
05.04084, 115.55149, 
05.04073, 115.55140, 
05.04064, 115.55138, 
05.04051, 115.55129, 
05.03946, 115.55042, 
05.03837, 115.54947, 
05.03810, 115.54925, 
05.03800, 115.54919, 
05.03796, 115.54916, 
05.03791, 115.54913, 
05.03790, 115.54913, 
05.03787, 115.54911, 
05.03778, 115.54909, 
05.03774, 115.54907, 
05.03770, 115.54906, 
05.03766, 115.54904, 
05.03763, 115.54901, 
05.03759, 115.54890, 
05.03759, 115.54883, 
05.03756, 115.54871, 
05.03745, 115.54846, 
05.03698, 115.54766, 
05.03676, 115.54736, 
05.03657, 115.54707, 
05.03650, 115.54691, 
05.03623, 115.54665, 
05.03585, 115.54631, 
05.03577, 115.54623, 
05.03572, 115.54619, 
05.03565, 115.54612, 
05.03553, 115.54597, 
05.03548, 115.54592, 
05.03540, 115.54582, 
05.03494, 115.54538, 
05.03424, 115.54488, 
05.03409, 115.54480, 
05.03321, 115.54442, 
05.03299, 115.54434, 
05.03261, 115.54424, 
05.03201, 115.54413, 
05.03180, 115.54412, 
05.03175, 115.54411, 
05.03112, 115.54407, 
05.03075, 115.54407, 
05.03050, 115.54403, 
05.03039, 115.54397, 
05.02934, 115.54393, 
05.02906, 115.54390, 
05.02862, 115.54380, 
05.02814, 115.54363, 
05.02770, 115.54340, 
05.02751, 115.54327, 
05.02727, 115.54313, 
05.02686, 115.54286, 
05.02598, 115.54233, 
05.02560, 115.54208, 
05.02503, 115.54175, 
05.02474, 115.54153, 
05.02347, 115.54070, 
05.02336, 115.54070, 
05.02319, 115.54063, 
05.02301, 115.54054, 
05.02215, 115.53999, 
05.02158, 115.53965, 
05.02072, 115.53923, 
05.02038, 115.53909, 
05.01953, 115.53883, 
05.01884, 115.53865, 
05.01835, 115.53854, 
05.01505, 115.53812, 
05.01433, 115.53808, 
05.01387, 115.53809, 
05.01307, 115.53815, 
05.01008, 115.53856, 
05.00926, 115.53873, 
05.00888, 115.53886, 
05.00848, 115.53906, 
05.00813, 115.53928, 
05.00799, 115.53939, 
05.00781, 115.53956, 
05.00610, 115.54137, 
05.00590, 115.54160, 
05.00563, 115.54188, 
05.00515, 115.54231, 
05.00472, 115.54263, 
05.00257, 115.54399, 
05.00212, 115.54433, 
05.00178, 115.54462, 
05.00145, 115.54494, 
04.99989, 115.54657, 
04.99867, 115.54744, 
04.99801, 115.54785, 
04.99790, 115.54791, 
04.99753, 115.54815, 
04.99737, 115.54824, 
04.99537, 115.54951, 
04.99522, 115.54964, 
04.99514, 115.54969, 
04.99435, 115.55008, 
04.99391, 115.55026, 
04.99356, 115.55037, 
04.99328, 115.55043, 
04.99296, 115.55046, 
04.99258, 115.55045, 
04.99183, 115.55030, 
04.99148, 115.55018, 
04.99094, 115.54990, 
04.98899, 115.54872, 
04.98892, 115.54869, 
04.98451, 115.54625, 
04.98446, 115.54623, 
04.98193, 115.54482, 
04.98163, 115.54464, 
04.98126, 115.54437, 
04.98109, 115.54422, 
04.98096, 115.54409, 
04.98069, 115.54378, 
04.98056, 115.54360, 
04.98028, 115.54311, 
04.98019, 115.54291, 
04.98008, 115.54259, 
04.98002, 115.54236, 
04.97998, 115.54216, 
04.97993, 115.54163, 
04.97993, 115.54112, 
04.98001, 115.53927, 
04.98003, 115.53793, 
04.98015, 115.53431, 
04.98015, 115.53389, 
04.98012, 115.53351, 
04.98007, 115.53311, 
04.97999, 115.53275, 
04.97988, 115.53235, 
04.97977, 115.53201, 
04.97966, 115.53173, 
04.97920, 115.53080, 
04.97644, 115.52552, 
04.97591, 115.52444, 
04.97401, 115.52026, 
04.97379, 115.51982, 
04.97327, 115.51892, 
04.97315, 115.51868, 
04.97280, 115.51820, 
04.97268, 115.51805, 
04.97213, 115.51745, 
04.97004, 115.51542, 
04.96979, 115.51520, 
04.96931, 115.51471, 
04.96884, 115.51426, 
04.96861, 115.51408, 
04.96830, 115.51388, 
04.96771, 115.51361, 
04.96722, 115.51347, 
04.96668, 115.51338, 
04.96607, 115.51323, 
04.96568, 115.51311, 
04.96547, 115.51303, 
04.96517, 115.51287, 
04.96492, 115.51272, 
04.96454, 115.51242, 
04.96416, 115.51207, 
04.96318, 115.51111, 
04.96292, 115.51079, 
04.96265, 115.51038, 
04.96246, 115.51000, 
04.96235, 115.50972, 
04.96225, 115.50931, 
04.96219, 115.50895, 
04.96218, 115.50892, 
04.96218, 115.50859, 
04.96222, 115.50791, 
04.96236, 115.50713, 
04.96238, 115.50693, 
04.96241, 115.50676, 
04.96241, 115.50673, 
04.96242, 115.50667, 
04.96244, 115.50625, 
04.96241, 115.50622, 
04.96241, 115.50621, 
04.96240, 115.50620, 
04.96240, 115.50618, 
04.96239, 115.50615, 
04.96225, 115.50615, 
04.96196, 115.50606, 
04.95963, 115.50577, 
04.95923, 115.50579, 
04.95921, 115.50581, 
04.95921, 115.50582, 
04.95920, 115.50582, 
04.95918, 115.50584, 
04.95917, 115.50584, 
04.95916, 115.50585, 
04.95915, 115.50585, 
04.95914, 115.50586, 
04.95908, 115.50586, 
04.95907, 115.50585, 
04.95905, 115.50585, 
04.95904, 115.50584, 
04.95903, 115.50584, 
04.95902, 115.50583, 
04.95901, 115.50583, 
04.95900, 115.50582, 
04.95900, 115.50581, 
04.95899, 115.50581, 
04.95898, 115.50580, 
04.95841, 115.50591, 
04.95831, 115.50591, 
04.95828, 115.50590, 
04.95822, 115.50587, 
04.95820, 115.50587, 
04.95816, 115.50585, 
04.95813, 115.50585, 
04.95767, 115.50594, 
04.95734, 115.50598, 
04.95689, 115.50608, 
04.95676, 115.50614, 
04.95675, 115.50615, 
04.95673, 115.50619, 
04.95667, 115.50625, 
04.95666, 115.50625, 
04.95663, 115.50633, 
04.95662, 115.50639, 
04.95667, 115.50682, 
04.95676, 115.50729, 
04.95685, 115.50762, 
04.95701, 115.50833, 
04.95706, 115.50860, 
04.95755, 115.51069, 
04.95760, 115.51102, 
04.95764, 115.51152, 
04.95760, 115.51190, 
04.95755, 115.51217, 
04.95747, 115.51249, 
04.95741, 115.51264, 
04.95723, 115.51302, 
04.95526, 115.51622, 
04.95506, 115.51645, 
04.95485, 115.51673, 
04.95463, 115.51698, 
04.95451, 115.51709, 
04.95437, 115.51719, 
04.95388, 115.51748, 
04.95353, 115.51764, 
04.95286, 115.51787, 
04.95271, 115.51791, 
04.95264, 115.51791, 
04.95253, 115.51796, 
04.95191, 115.51811, 
04.94824, 115.51937, 
04.94822, 115.51938, 
04.94748, 115.51962, 
04.94706, 115.51970, 
04.94698, 115.51970, 
04.94685, 115.51971, 
04.94655, 115.51969, 
04.94621, 115.51964, 
04.94615, 115.51962, 
04.94600, 115.51960, 
04.94570, 115.51951, 
04.94109, 115.51773, 
04.94093, 115.51766, 
04.94092, 115.51766, 
04.94037, 115.51743, 
04.94020, 115.51737, 
04.93993, 115.51725, 
04.93976, 115.51719, 
04.93922, 115.51696, 
04.93905, 115.51687, 
04.93881, 115.51669, 
04.93873, 115.51664, 
04.93858, 115.51651, 
04.93844, 115.51637, 
04.93830, 115.51621, 
04.93828, 115.51618, 
04.93793, 115.51580, 
04.93792, 115.51580, 
04.93752, 115.51526, 
04.93689, 115.51447, 
04.93688, 115.51447, 
04.93682, 115.51437, 
04.93610, 115.51335, 
04.93562, 115.51271, 
04.93552, 115.51256, 
04.93508, 115.51199, 
04.93496, 115.51185, 
04.93225, 115.50825, 
04.93215, 115.50810, 
04.93165, 115.50747, 
04.93163, 115.50745, 
04.93153, 115.50730, 
04.93130, 115.50700, 
04.93108, 115.50667, 
04.93099, 115.50651, 
04.93091, 115.50634, 
04.93084, 115.50614, 
04.93072, 115.50571, 
04.93068, 115.50549, 
04.93066, 115.50533, 
04.93065, 115.50517, 
04.93064, 115.50511, 
04.93064, 115.50474, 
04.93078, 115.50283, 
04.93079, 115.50276, 
04.93082, 115.50229, 
04.93084, 115.50211, 
04.93084, 115.50199, 
04.93105, 115.49935, 
04.93105, 115.49912, 
04.93103, 115.49894, 
04.93092, 115.49844, 
04.93086, 115.49825, 
04.93079, 115.49807, 
04.93076, 115.49801, 
04.93064, 115.49769, 
04.93046, 115.49733, 
04.93030, 115.49708, 
04.93017, 115.49691, 
04.92980, 115.49650, 
04.92852, 115.49530, 
04.92841, 115.49517, 
04.92821, 115.49489, 
04.92813, 115.49471, 
04.92810, 115.49466, 
04.92799, 115.49440, 
04.92791, 115.49408, 
04.92788, 115.49391, 
04.92787, 115.49379, 
04.92789, 115.49343, 
04.92791, 115.49328, 
04.92791, 115.49325, 
04.92817, 115.49076, 
04.92880, 115.48348, 
04.92898, 115.48212, 
04.92909, 115.48098, 
04.92918, 115.48034, 
04.92923, 115.47984, 
04.92923, 115.47944, 
04.92918, 115.47883, 
04.92918, 115.47877, 
04.92912, 115.47821, 
04.92905, 115.47789, 
04.92892, 115.47753, 
04.92845, 115.47670, 
04.92813, 115.47627, 
04.92767, 115.47575, 
04.92726, 115.47538, 
04.92690, 115.47512, 
04.92597, 115.47440, 
04.92398, 115.47294, 
04.92372, 115.47272, 
04.92313, 115.47227, 
04.92311, 115.47225, 
04.92086, 115.47065, 
04.92048, 115.47040, 
04.92000, 115.47012, 
04.91924, 115.46973, 
04.91810, 115.46920, 
04.91802, 115.46917, 
04.91659, 115.46851, 
04.91646, 115.46846, 
04.91575, 115.46814, 
04.91499, 115.46776, 
04.91494, 115.46774, 
04.91457, 115.46752, 
04.91439, 115.46738, 
04.91439, 115.46737, 
04.91402, 115.46708, 
04.91358, 115.46666, 
04.90888, 115.46152, 
04.90748, 115.46003, 
04.90708, 115.45964, 
04.90692, 115.45951, 
04.90658, 115.45928, 
04.90641, 115.45919, 
04.90579, 115.45896, 
04.90542, 115.45886, 
04.90350, 115.45846, 
04.90348, 115.45845, 
04.90327, 115.45842, 
04.89891, 115.45749, 
04.89838, 115.45736, 
04.89837, 115.45735, 
04.89818, 115.45729, 
04.89794, 115.45720, 
04.89760, 115.45705, 
04.89713, 115.45681, 
04.89490, 115.45548, 
04.89475, 115.45538, 
04.89462, 115.45531, 
04.89352, 115.45464, 
04.89351, 115.45463, 
04.89286, 115.45427, 
04.89256, 115.45413, 
04.89227, 115.45402, 
04.89192, 115.45394, 
04.89169, 115.45390, 
04.89146, 115.45389, 
04.89123, 115.45390, 
04.89096, 115.45394, 
04.89076, 115.45398, 
04.89019, 115.45414, 
04.88945, 115.45439, 
04.88765, 115.45505, 
04.88758, 115.45507, 
04.88742, 115.45513, 
04.88741, 115.45513, 
04.88723, 115.45518, 
04.88722, 115.45519, 
04.88706, 115.45522, 
04.88700, 115.45524, 
04.88670, 115.45528, 
04.88634, 115.45530, 
04.88610, 115.45529, 
04.88584, 115.45525, 
04.88553, 115.45517, 
04.88535, 115.45511, 
04.88490, 115.45490, 
04.88473, 115.45479, 
04.88431, 115.45445, 
04.88236, 115.45248, 
04.88188, 115.45208, 
04.88133, 115.45173, 
04.87577, 115.44841, 
04.87562, 115.44831, 
04.87425, 115.44752, 
04.87389, 115.44729, 
04.87329, 115.44694, 
04.87259, 115.44650, 
04.87246, 115.44640, 
04.87245, 115.44640, 
04.87234, 115.44631, 
04.87211, 115.44607, 
04.87201, 115.44595, 
04.87196, 115.44588, 
04.87194, 115.44586, 
04.87168, 115.44545, 
04.87167, 115.44542, 
04.87157, 115.44527, 
04.87142, 115.44499, 
04.87140, 115.44496, 
04.87132, 115.44481, 
04.87131, 115.44480, 
04.87123, 115.44464, 
04.87113, 115.44440, 
04.87108, 115.44424, 
04.87100, 115.44403, 
04.87096, 115.44389, 
04.87092, 115.44379, 
04.87092, 115.44378, 
04.87080, 115.44351, 
04.87077, 115.44346, 
04.87075, 115.44344, 
04.87069, 115.44335, 
04.87066, 115.44332, 
04.87062, 115.44326, 
04.87044, 115.44303, 
04.87042, 115.44299, 
04.87001, 115.44246, 
04.86978, 115.44220, 
04.86976, 115.44219, 
04.86969, 115.44211, 
04.86955, 115.44198, 
04.86951, 115.44193, 
04.86886, 115.44126, 
04.86862, 115.44096, 
04.86862, 115.44095, 
04.86820, 115.44033, 
04.86819, 115.44032, 
04.86766, 115.43947, 
04.86762, 115.43942, 
04.86665, 115.43791, 
04.86626, 115.43745, 
04.86610, 115.43731, 
04.86599, 115.43723, 
04.86566, 115.43704, 
04.86526, 115.43687, 
04.86453, 115.43666, 
04.85643, 115.43458, 
04.85610, 115.43447, 
04.85592, 115.43440, 
04.85539, 115.43416, 
04.84996, 115.43145, 
04.84874, 115.43088, 
04.84866, 115.43086, 
04.84863, 115.43084, 
04.84833, 115.43078, 
04.84792, 115.43073, 
04.84773, 115.43073, 
04.84728, 115.43076, 
04.84684, 115.43082, 
04.84514, 115.43113, 
04.84452, 115.43126, 
04.84437, 115.43131, 
04.84420, 115.43135, 
04.84409, 115.43139, 
04.84396, 115.43145, 
04.84385, 115.43149, 
04.84371, 115.43156, 
04.84333, 115.43179, 
04.84321, 115.43189, 
04.84319, 115.43190, 
04.84297, 115.43210, 
04.84269, 115.43242, 
04.84253, 115.43265, 
04.84243, 115.43283, 
04.84232, 115.43306, 
04.84220, 115.43342, 
04.84160, 115.43563, 
04.84160, 115.43564, 
04.84139, 115.43632, 
04.84132, 115.43648, 
04.84131, 115.43652, 
04.84125, 115.43665, 
04.84118, 115.43677, 
04.84111, 115.43691, 
04.84104, 115.43701, 
04.84093, 115.43720, 
04.84057, 115.43770, 
04.84056, 115.43771, 
04.84037, 115.43799, 
04.84036, 115.43800, 
04.84003, 115.43847, 
04.83984, 115.43872, 
04.83958, 115.43900, 
04.83954, 115.43905, 
04.83933, 115.43926, 
04.83817, 115.44052, 
04.83743, 115.44128, 
04.83652, 115.44227, 
04.83650, 115.44230, 
04.83641, 115.44240, 
04.83629, 115.44261, 
04.83625, 115.44266, 
04.83620, 115.44276, 
04.83619, 115.44277, 
04.83613, 115.44289, 
04.83612, 115.44293, 
04.83607, 115.44302, 
04.83600, 115.44320, 
04.83598, 115.44324, 
04.83598, 115.44326, 
04.83567, 115.44409, 
04.83562, 115.44426, 
04.83561, 115.44428, 
04.83550, 115.44460, 
04.83550, 115.44462, 
04.83545, 115.44477, 
04.83544, 115.44479, 
04.83533, 115.44513, 
04.83532, 115.44515, 
04.83527, 115.44530, 
04.83527, 115.44531, 
04.83520, 115.44547, 
04.83520, 115.44549, 
04.83514, 115.44562, 
04.83512, 115.44565, 
04.83507, 115.44579, 
04.83506, 115.44580, 
04.83505, 115.44583, 
04.83498, 115.44595, 
04.83498, 115.44596, 
04.83497, 115.44597, 
04.83480, 115.44628, 
04.83466, 115.44648, 
04.83452, 115.44672, 
04.83442, 115.44687, 
04.83441, 115.44688, 
04.83383, 115.44778, 
04.83382, 115.44779, 
04.83371, 115.44798, 
04.83362, 115.44809, 
04.83350, 115.44828, 
04.83336, 115.44847, 
04.83318, 115.44868, 
04.83304, 115.44882, 
04.83288, 115.44896, 
04.83260, 115.44915, 
04.83227, 115.44931, 
04.83214, 115.44936, 
04.83209, 115.44939, 
04.83184, 115.44947, 
04.83172, 115.44950, 
04.83159, 115.44951, 
04.83149, 115.44953, 
04.83141, 115.44953, 
04.83131, 115.44954, 
04.83119, 115.44954, 
04.83111, 115.44955, 
04.83099, 115.44955, 
04.83089, 115.44956, 
04.82962, 115.44959, 
04.82895, 115.44957, 
04.82840, 115.44958, 
04.82781, 115.44955, 
04.82556, 115.44955, 
04.82481, 115.44957, 
04.82421, 115.44956, 
04.82172, 115.44960, 
04.82120, 115.44959, 
04.82117, 115.44958, 
04.82100, 115.44955, 
04.82088, 115.44952, 
04.82083, 115.44950, 
04.82073, 115.44947, 
04.82055, 115.44939, 
04.82028, 115.44924, 
04.82001, 115.44904, 
04.81976, 115.44881, 
04.81949, 115.44850, 
04.81931, 115.44827, 
04.81914, 115.44800, 
04.81893, 115.44755, 
04.81855, 115.44645, 
04.81854, 115.44643, 
04.81832, 115.44577, 
04.81831, 115.44576, 
04.81827, 115.44567, 
04.81816, 115.44551, 
04.81792, 115.44524, 
04.81738, 115.44468, 
04.81684, 115.44405, 
04.81661, 115.44368, 
04.81654, 115.44352, 
04.81649, 115.44337, 
04.81648, 115.44335, 
04.81644, 115.44318, 
04.81644, 115.44317, 
04.81640, 115.44303, 
04.81640, 115.44299, 
04.81637, 115.44285, 
04.81637, 115.44282, 
04.81635, 115.44266, 
04.81634, 115.44246, 
04.81632, 115.44228, 
04.81629, 115.44177, 
04.81628, 115.44174, 
04.81627, 115.44162, 
04.81617, 115.44121, 
04.81601, 115.44071, 
04.81588, 115.44042, 
04.81585, 115.44037, 
04.81580, 115.44026, 
04.81568, 115.44005, 
04.81562, 115.43997, 
04.81558, 115.43990, 
04.81556, 115.43988, 
04.81547, 115.43976, 
04.81538, 115.43966, 
04.81535, 115.43962, 
04.81483, 115.43912, 
04.81322, 115.43775, 
04.81309, 115.43762, 
04.81305, 115.43759, 
04.81177, 115.43642, 
04.81148, 115.43612, 
04.81140, 115.43601, 
04.81134, 115.43594, 
04.81119, 115.43571, 
04.81087, 115.43503, 
04.81040, 115.43365, 
04.81040, 115.43364, 
04.80947, 115.43078, 
04.80947, 115.43077, 
04.80930, 115.43025, 
04.80928, 115.43021, 
04.80816, 115.42683, 
04.80807, 115.42652, 
04.80761, 115.42511, 
04.80758, 115.42504, 
04.80692, 115.42305, 
04.80665, 115.42216, 
04.80630, 115.42120, 
04.80509, 115.41830, 
04.80507, 115.41827, 
04.80504, 115.41818, 
04.80465, 115.41729, 
04.80465, 115.41727, 
04.80438, 115.41660, 
04.80426, 115.41608, 
04.80425, 115.41592, 
04.80423, 115.41578, 
04.80422, 115.41561, 
04.80422, 115.41520, 
04.80425, 115.41489, 
04.80431, 115.41454, 
04.80442, 115.41414, 
04.80464, 115.41362, 
04.80489, 115.41320, 
04.80531, 115.41266, 
04.80688, 115.41081, 
04.80695, 115.41074, 
04.80699, 115.41069, 
04.80707, 115.41061, 
04.80720, 115.41051, 
04.80729, 115.41039, 
04.80737, 115.41033, 
04.80796, 115.40998, 
04.80819, 115.40988, 
04.80858, 115.40975, 
04.80929, 115.40956, 
04.80943, 115.40957, 
04.81060, 115.40920, 
04.81197, 115.40882, 
04.81275, 115.40858, 
04.81434, 115.40814, 
04.81502, 115.40792, 
04.81526, 115.40781, 
04.81551, 115.40768, 
04.81601, 115.40736, 
04.81627, 115.40715, 
04.81653, 115.40692, 
04.81672, 115.40671, 
04.81705, 115.40626, 
04.81721, 115.40602, 
04.81741, 115.40569, 
04.81742, 115.40566, 
04.81771, 115.40515, 
04.81773, 115.40513, 
04.81797, 115.40472, 
04.81810, 115.40453, 
04.81822, 115.40439, 
04.81853, 115.40408, 
04.81863, 115.40401, 
04.81870, 115.40395, 
04.81900, 115.40376, 
04.81925, 115.40365, 
04.81949, 115.40356, 
04.81989, 115.40347, 
04.82003, 115.40345, 
04.82043, 115.40345, 
04.82081, 115.40348, 
04.82111, 115.40353, 
04.82209, 115.40373, 
04.82264, 115.40380, 
04.82306, 115.40382, 
04.82309, 115.40383, 
04.82363, 115.40387, 
04.82394, 115.40391, 
04.82396, 115.40391, 
04.82818, 115.40464, 
04.82819, 115.40464, 
04.83063, 115.40506, 
04.83106, 115.40512, 
04.83127, 115.40516, 
04.83175, 115.40520, 
04.83275, 115.40517, 
04.83526, 115.40495, 
04.83535, 115.40495, 
04.83733, 115.40478, 
04.83786, 115.40476, 
04.83855, 115.40476, 
04.83946, 115.40487, 
04.84002, 115.40492, 
04.84392, 115.40537, 
04.84525, 115.40557, 
04.84536, 115.40555, 
04.84650, 115.40570, 
04.84653, 115.40570, 
04.84658, 115.40571, 
04.84712, 115.40576, 
04.84749, 115.40583, 
04.84784, 115.40586, 
04.84793, 115.40586, 
04.84800, 115.40591, 
04.84848, 115.40596, 
04.84972, 115.40619, 
04.84999, 115.40626, 
04.85016, 115.40627, 
04.85131, 115.40650, 
04.85240, 115.40680, 
04.85249, 115.40685, 
04.85398, 115.40717, 
04.85446, 115.40730, 
04.85468, 115.40737, 
04.85479, 115.40737, 
04.85486, 115.40738, 
04.85497, 115.40741, 
04.85513, 115.40750, 
04.85532, 115.40763, 
04.85533, 115.40763, 
04.85541, 115.40769, 
04.85567, 115.40781, 
04.85593, 115.40784, 
04.85603, 115.40784, 
04.85640, 115.40775, 
04.85648, 115.40772, 
04.85649, 115.40772, 
04.85665, 115.40768, 
04.85673, 115.40768, 
04.85687, 115.40770, 
04.85712, 115.40778, 
04.85734, 115.40783, 
04.85739, 115.40785, 
04.85755, 115.40787, 
04.85757, 115.40788, 
04.85751, 115.40745, 
04.85735, 115.40733, 
04.85751, 115.40745, 
04.85757, 115.40788, 
04.85755, 115.40787, 
04.85739, 115.40785, 
04.85734, 115.40783, 
04.85712, 115.40778, 
04.85687, 115.40770, 
04.85673, 115.40768, 
04.85665, 115.40768, 
04.85649, 115.40772, 
04.85648, 115.40772, 
04.85640, 115.40775, 
04.85603, 115.40784, 
04.85593, 115.40784, 
04.85567, 115.40781, 
04.85541, 115.40769, 
04.85533, 115.40763, 
04.85532, 115.40763, 
04.85513, 115.40750, 
04.85497, 115.40741, 
04.85486, 115.40738, 
04.85479, 115.40737, 
04.85468, 115.40737, 
04.85446, 115.40730, 
04.85398, 115.40717, 
04.85249, 115.40685, 
04.85240, 115.40686, 
04.85196, 115.40676, 
04.85174, 115.40672, 
04.85129, 115.40660, 
04.85150, 115.40568, 
04.85163, 115.40502, 
04.85170, 115.40475, 
04.85180, 115.40446, 
04.85186, 115.40433, 
04.85187, 115.40429, 
04.85194, 115.40413, 
04.85204, 115.40396, 
04.85217, 115.40378, 
04.85279, 115.40300, 
04.85330, 115.40244, 
04.85383, 115.40194, 
04.85464, 115.40104, 
04.85490, 115.40073, 
04.85528, 115.40031, 
04.85553, 115.40006, 
04.85598, 115.39948, 
04.85626, 115.39905, 
04.85630, 115.39896, 
04.85633, 115.39887, 
04.85635, 115.39883, 
04.85637, 115.39881, 
04.85637, 115.39876, 
04.85638, 115.39868, 
04.85647, 115.39830, 
04.85650, 115.39822, 
04.85654, 115.39815, 
04.85650, 115.39762, 
04.85647, 115.39684, 
04.85649, 115.39676, 
04.85647, 115.39652, 
04.85625, 115.39490, 
04.85616, 115.39437, 
04.85599, 115.39363, 
04.85587, 115.39300, 
04.85585, 115.39294, 
04.85562, 115.39169, 
04.85548, 115.39123, 
04.85540, 115.39104, 
04.85537, 115.39100, 
04.85526, 115.39080, 
04.85515, 115.39063, 
04.85503, 115.39050, 
04.85472, 115.39025, 
04.85455, 115.39014, 
04.85436, 115.39004, 
04.85401, 115.38992, 
04.85386, 115.38988, 
04.85331, 115.38980, 
04.85327, 115.38979, 
04.85299, 115.38975, 
04.85296, 115.38974, 
04.85275, 115.38971, 
04.85255, 115.38966, 
04.85254, 115.38966, 
04.85237, 115.38960, 
04.85220, 115.38952, 
04.85203, 115.38942, 
04.85182, 115.38926, 
04.85173, 115.38918, 
04.85155, 115.38900, 
04.84957, 115.38664, 
04.84950, 115.38657, 
04.84932, 115.38635, 
04.84919, 115.38621, 
04.84805, 115.38487, 
04.84803, 115.38483, 
04.84793, 115.38469, 
04.84783, 115.38453, 
04.84782, 115.38449, 
04.84775, 115.38434, 
04.84770, 115.38419, 
04.84769, 115.38419, 
04.84765, 115.38402, 
04.84762, 115.38378, 
04.84762, 115.38333, 
04.84763, 115.38315, 
04.84776, 115.38269, 
04.84782, 115.38255, 
04.84827, 115.38166, 
04.84842, 115.38119, 
04.84846, 115.38088, 
04.84847, 115.38064, 
04.84843, 115.37911, 
04.84839, 115.37870, 
04.84811, 115.37764, 
04.84798, 115.37726, 
04.84774, 115.37643, 
04.84758, 115.37602, 
04.84744, 115.37573, 
04.84735, 115.37558, 
04.84734, 115.37557, 
04.84719, 115.37532, 
04.84390, 115.37072, 
04.84379, 115.37058, 
04.84350, 115.37016, 
04.84348, 115.37015, 
04.84319, 115.36971, 
04.84301, 115.36941, 
04.84294, 115.36927, 
04.84283, 115.36895, 
04.84280, 115.36880, 
04.84278, 115.36844, 
04.84280, 115.36814, 
04.84282, 115.36799, 
04.84285, 115.36784, 
04.84290, 115.36768, 
04.84305, 115.36736, 
04.84315, 115.36721, 
04.84349, 115.36678, 
04.84375, 115.36648, 
04.84376, 115.36646, 
04.84385, 115.36635, 
04.84393, 115.36622, 
04.84400, 115.36608, 
04.84415, 115.36582, 
04.84445, 115.36537, 
04.84449, 115.36533, 
04.84585, 115.36342, 
04.84602, 115.36310, 
04.84609, 115.36294, 
04.84615, 115.36277, 
04.84671, 115.36000, 
04.84671, 115.35998, 
04.84731, 115.35690, 
04.84732, 115.35681, 
04.84733, 115.35678, 
04.84746, 115.35607, 
04.84747, 115.35604, 
04.84754, 115.35566, 
04.84758, 115.35536, 
04.84760, 115.35512, 
04.84758, 115.35483, 
04.84752, 115.35454, 
04.84742, 115.35422, 
04.84733, 115.35402, 
04.84665, 115.35234, 
04.84664, 115.35230, 
04.84647, 115.35183, 
04.84641, 115.35160, 
04.84636, 115.35132, 
04.84632, 115.35094, 
04.84631, 115.35091, 
04.84627, 115.35046, 
04.84627, 115.35040, 
04.84603, 115.34806, 
04.84602, 115.34788, 
04.84598, 115.34754, 
04.84594, 115.34735, 
04.84594, 115.34733, 
04.84589, 115.34717, 
04.84589, 115.34715, 
04.84578, 115.34689, 
04.84564, 115.34665, 
04.84549, 115.34644, 
04.84517, 115.34613, 
04.84505, 115.34604, 
04.84471, 115.34582, 
04.84215, 115.34441, 
04.84190, 115.34425, 
04.84162, 115.34403, 
04.84144, 115.34384, 
04.84126, 115.34359, 
04.84116, 115.34343, 
04.84116, 115.34342, 
04.84106, 115.34324, 
04.84096, 115.34303, 
04.83962, 115.33939, 
04.83961, 115.33938, 
04.83934, 115.33864, 
04.83930, 115.33851, 
04.83901, 115.33777, 
04.83687, 115.33188, 
04.83664, 115.33130, 
04.83654, 115.33109, 
04.83650, 115.33099, 
04.83636, 115.33071, 
04.83602, 115.33014, 
04.83594, 115.33011, 
04.83593, 115.33010, 
04.83494, 115.32859, 
04.83489, 115.32846, 
04.83351, 115.32639, 
04.83339, 115.32619, 
04.83295, 115.32558, 
04.83069, 115.32228, 
04.82979, 115.32089, 
04.82952, 115.32056, 
04.82922, 115.32023, 
04.82533, 115.31641, 
04.82454, 115.31568, 
04.82372, 115.31484, 
04.82368, 115.31481, 
04.82356, 115.31468, 
04.82352, 115.31465, 
04.82340, 115.31452, 
04.82282, 115.31397, 
04.82230, 115.31342, 
04.82228, 115.31341, 
04.82212, 115.31323, 
04.82200, 115.31308, 
04.82190, 115.31291, 
04.82178, 115.31267, 
04.82160, 115.31223, 
04.82152, 115.31197, 
04.82138, 115.31144, 
04.82053, 115.30737, 
04.82052, 115.30728, 
04.82006, 115.30506, 
04.81997, 115.30454, 
04.81992, 115.30392, 
04.81992, 115.30359, 
04.81995, 115.30308, 
04.81997, 115.30294, 
04.82020, 115.30174, 
04.82038, 115.30067, 
04.82049, 115.29978, 
04.82049, 115.29973, 
04.82054, 115.29925, 
04.82055, 115.29862, 
04.82054, 115.29852, 
04.82054, 115.29847, 
04.82049, 115.29802, 
04.82039, 115.29762, 
04.82024, 115.29720, 
04.82014, 115.29697, 
04.82001, 115.29675, 
04.82000, 115.29672, 
04.81972, 115.29633, 
04.81952, 115.29611, 
04.81949, 115.29607, 
04.81934, 115.29592, 
04.81892, 115.29556, 
04.81867, 115.29538, 
04.81840, 115.29522, 
04.81784, 115.29494, 
04.81731, 115.29471, 
04.81722, 115.29473, 
04.81677, 115.29454, 
04.81660, 115.29449, 
04.81638, 115.29441, 
04.81632, 115.29440, 
04.81600, 115.29430, 
04.81545, 115.29416, 
04.81544, 115.29416, 
04.81543, 115.29415, 
04.81541, 115.29414, 
04.81537, 115.29409, 
04.81462, 115.29388, 
04.81284, 115.29331, 
04.81259, 115.29322, 
04.81150, 115.29292, 
04.80944, 115.29242, 
04.80914, 115.29233, 
04.80909, 115.29232, 
04.80876, 115.29221, 
04.80806, 115.29203, 
04.80653, 115.29157, 
04.80651, 115.29157, 
04.80565, 115.29135, 
04.80563, 115.29135, 
04.80528, 115.29127, 
04.80494, 115.29116, 
04.80490, 115.29114, 
04.80460, 115.29104, 
04.80410, 115.29084, 
04.80332, 115.29060, 
04.80307, 115.29054, 
04.80306, 115.29054, 
04.80265, 115.29045, 
04.80179, 115.29023, 
04.80150, 115.29014, 
04.80149, 115.29014, 
04.80124, 115.29005, 
04.80116, 115.29001, 
04.80103, 115.28996, 
04.80081, 115.28986, 
04.80062, 115.28975, 
04.80044, 115.28962, 
04.80011, 115.28933, 
04.79971, 115.28892, 
04.79962, 115.28881, 
04.79962, 115.28880, 
04.79950, 115.28866, 
04.79937, 115.28847, 
04.79914, 115.28810, 
04.79870, 115.28734, 
04.79869, 115.28733, 
04.79681, 115.28405, 
04.79662, 115.28374, 
04.79527, 115.28133, 
04.79507, 115.28102, 
04.79484, 115.28073, 
04.79472, 115.28060, 
04.79447, 115.28038, 
04.79418, 115.28019, 
04.79404, 115.28008, 
04.79373, 115.27990, 
04.79231, 115.27915, 
04.79230, 115.27914, 
04.79070, 115.27830, 
04.79055, 115.27821, 
04.78958, 115.27773, 
04.78942, 115.27764, 
04.78798, 115.27691, 
04.78748, 115.27661, 
04.78598, 115.27584, 
04.78575, 115.27571, 
04.78539, 115.27543, 
04.78527, 115.27531, 
04.78512, 115.27511, 
04.78497, 115.27480, 
04.78488, 115.27458, 
04.78466, 115.27415, 
04.78456, 115.27404, 
04.78444, 115.27394, 
04.78438, 115.27390, 
04.78400, 115.27370, 
04.78107, 115.27252, 
04.78101, 115.27249, 
04.78084, 115.27243, 
04.78051, 115.27229, 
04.78034, 115.27223, 
04.77934, 115.27182, 
04.77917, 115.27176, 
04.77906, 115.27171, 
04.77882, 115.27157, 
04.77848, 115.27134, 
04.77829, 115.27118, 
04.77789, 115.27079, 
04.77659, 115.26920, 
04.77357, 115.26564, 
04.77306, 115.26500, 
04.77302, 115.26493, 
04.77299, 115.26489, 
04.77274, 115.26439, 
04.77270, 115.26429, 
04.77269, 115.26424, 
04.77266, 115.26416, 
04.77260, 115.26395, 
04.77260, 115.26394, 
04.77257, 115.26383, 
04.77251, 115.26342, 
04.77249, 115.26305, 
04.77250, 115.26274, 
04.77256, 115.26235, 
04.77359, 115.25803, 
04.77359, 115.25802, 
04.77386, 115.25685, 
04.77416, 115.25581, 
04.77451, 115.25475, 
04.77452, 115.25474, 
04.77529, 115.25246, 
04.77539, 115.25208, 
04.77543, 115.25187, 
04.77543, 115.25185, 
04.77548, 115.25156, 
04.77548, 115.25150, 
04.77565, 115.24989, 
04.77565, 115.24986, 
04.77573, 115.24926, 
04.77573, 115.24922, 
04.77582, 115.24882, 
04.77594, 115.24840, 
04.77602, 115.24820, 
04.77625, 115.24773, 
04.77650, 115.24732, 
04.77673, 115.24700, 
04.77703, 115.24666, 
04.77735, 115.24638, 
04.77760, 115.24619, 
04.77767, 115.24612, 
04.77903, 115.24503, 
04.77905, 115.24501, 
04.78238, 115.24235, 
04.78238, 115.24234, 
04.78385, 115.24115, 
04.78406, 115.24100, 
04.78407, 115.24100, 
04.78432, 115.24085, 
04.78458, 115.24071, 
04.78587, 115.24016, 
04.78709, 115.23968, 
04.78726, 115.23959, 
04.78731, 115.23955, 
04.78740, 115.23946, 
04.78745, 115.23940, 
04.78750, 115.23936, 
04.78752, 115.23933, 
04.78784, 115.23897, 
04.78803, 115.23873, 
04.78875, 115.23873, 
04.78878, 115.23874, 
04.78949, 115.23874, 
04.78970, 115.23862, 
04.78997, 115.23844, 
04.79068, 115.23787, 
04.79071, 115.23784, 
04.79104, 115.23757, 
04.79109, 115.23752, 
04.79118, 115.23741, 
04.79142, 115.23707, 
04.79143, 115.23705, 
04.79153, 115.23693, 
04.79155, 115.23692, 
04.79161, 115.23686, 
04.79166, 115.23682, 
04.79176, 115.23676, 
04.79206, 115.23662, 
04.79252, 115.23634, 
04.79265, 115.23625, 
04.79279, 115.23614, 
04.79281, 115.23613, 
04.79295, 115.23602, 
04.79301, 115.23596, 
04.79322, 115.23558, 
04.79337, 115.23528, 
04.79338, 115.23523, 
04.79340, 115.23517, 
04.79342, 115.23506, 
04.79342, 115.23487, 
04.79341, 115.23482, 
04.79340, 115.23469, 
04.79294, 115.23148, 
04.79233, 115.23037, 
04.79232, 115.23036, 
04.79224, 115.23021, 
04.79223, 115.23020, 
04.79172, 115.22926, 
04.79171, 115.22925, 
04.79163, 115.22909, 
04.79157, 115.22899, 
04.79154, 115.22895, 
04.79089, 115.22787, 
04.79088, 115.22786, 
04.79051, 115.22725, 
04.79050, 115.22724, 
04.78958, 115.22571, 
04.78957, 115.22570, 
04.78948, 115.22556, 
04.78947, 115.22555, 
04.78911, 115.22494, 
04.78901, 115.22479, 
04.78900, 115.22478, 
04.78875, 115.22435, 
04.78833, 115.22373, 
04.78832, 115.22371, 
04.78753, 115.22253, 
04.78752, 115.22251, 
04.78723, 115.22208, 
04.78722, 115.22206, 
04.78693, 115.22163, 
04.78693, 115.22161, 
04.78652, 115.22100, 
04.78632, 115.22034, 
04.78632, 115.22032, 
04.78627, 115.22016, 
04.78627, 115.22015, 
04.78601, 115.21929, 
04.78592, 115.21877, 
04.78592, 115.21875, 
04.78589, 115.21859, 
04.78589, 115.21857, 
04.78574, 115.21770, 
04.78573, 115.21768, 
04.78567, 115.21734, 
04.78567, 115.21733, 
04.78564, 115.21716, 
04.78564, 115.21715, 
04.78561, 115.21699, 
04.78561, 115.21697, 
04.78547, 115.21626, 
04.78539, 115.21593, 
04.78539, 115.21591, 
04.78507, 115.21440, 
04.78504, 115.21434, 
04.78504, 115.21433, 
04.78438, 115.21294, 
04.78250, 115.21088, 
04.78211, 115.21053, 
04.78197, 115.21042, 
04.77855, 115.20746, 
04.77776, 115.20675, 
04.77774, 115.20674, 
04.77389, 115.20324, 
04.77142, 115.20093, 
04.77027, 115.19991, 
04.77019, 115.19983, 
04.76974, 115.19944, 
04.76967, 115.19937, 
04.76965, 115.19936, 
04.76901, 115.19877, 
04.76819, 115.19805, 
04.76726, 115.19719, 
04.76724, 115.19718, 
04.76322, 115.19355, 
04.76271, 115.19304, 
04.76239, 115.19256, 
04.76229, 115.19236, 
04.76221, 115.19216, 
04.76207, 115.19163, 
04.76202, 115.19120, 
04.76203, 115.19076, 
04.76204, 115.19067, 
04.76212, 115.19024, 
04.76227, 115.18968, 
04.76227, 115.18967, 
04.76248, 115.18880, 
04.76250, 115.18874, 
04.76252, 115.18865, 
04.76252, 115.18863, 
04.76255, 115.18845, 
04.76257, 115.18821, 
04.76257, 115.18805, 
04.76250, 115.18766, 
04.76242, 115.18743, 
04.76227, 115.18714, 
04.76213, 115.18683, 
04.76203, 115.18665, 
04.76201, 115.18660, 
04.76162, 115.18585, 
04.76132, 115.18521, 
04.76114, 115.18472, 
04.76108, 115.18448, 
04.76104, 115.18416, 
04.76104, 115.18376, 
04.76109, 115.18254, 
04.76109, 115.18221, 
04.76108, 115.18201, 
04.76106, 115.18194, 
04.76104, 115.18176, 
04.76103, 115.18176, 
04.76101, 115.18160, 
04.76083, 115.18107, 
04.76080, 115.18100, 
04.76075, 115.18091, 
04.76068, 115.18075, 
04.76067, 115.18074, 
04.76047, 115.18045, 
04.76047, 115.18044, 
04.76005, 115.17987, 
04.76005, 115.17986, 
04.75956, 115.17922, 
04.75913, 115.17860, 
04.75864, 115.17795, 
04.75862, 115.17793, 
04.75860, 115.17788, 
04.75836, 115.17749, 
04.75831, 115.17742, 
04.75824, 115.17726, 
04.75819, 115.17717, 
04.75808, 115.17693, 
04.75800, 115.17669, 
04.75799, 115.17667, 
04.75794, 115.17649, 
04.75785, 115.17606, 
04.75783, 115.17578, 
04.75783, 115.17570, 
04.75782, 115.17565, 
04.75784, 115.17516, 
04.75784, 115.17470, 
04.75787, 115.17380, 
04.75786, 115.17307, 
04.75782, 115.17237, 
04.75779, 115.17236, 
04.75777, 115.17234, 
04.75774, 115.17228, 
04.75770, 115.17210, 
04.75762, 115.17190, 
04.75762, 115.17188, 
04.75755, 115.17170, 
04.75747, 115.17155, 
04.75746, 115.17151, 
04.75743, 115.17145, 
04.75737, 115.17136, 
04.75724, 115.17112, 
04.75705, 115.17089, 
04.75702, 115.17082, 
04.75702, 115.17078, 
04.75701, 115.17075, 
04.75666, 115.17032, 
04.75630, 115.16981, 
04.75624, 115.16974, 
04.75517, 115.16826, 
04.75515, 115.16824, 
04.75426, 115.16706, 
04.75313, 115.16546, 
04.75236, 115.16446, 
04.75221, 115.16428, 
04.75164, 115.16372, 
04.75110, 115.16329, 
04.75059, 115.16293, 
04.75034, 115.16278, 
04.74999, 115.16260, 
04.74931, 115.16228, 
04.74753, 115.16167, 
04.74638, 115.16123, 
04.74594, 115.16103, 
04.74520, 115.16064, 
04.74243, 115.15903, 
04.74190, 115.15875, 
04.74112, 115.15843, 
04.74039, 115.15819, 
04.73949, 115.15796, 
04.73947, 115.15796, 
04.73890, 115.15780, 
04.73830, 115.15766, 
04.73825, 115.15764, 
04.73824, 115.15764, 
04.73783, 115.15753, 
04.73744, 115.15739, 
04.73719, 115.15727, 
04.73693, 115.15713, 
04.73665, 115.15696, 
04.73651, 115.15685, 
04.73638, 115.15676, 
04.73637, 115.15674, 
04.73597, 115.15641, 
04.73560, 115.15600, 
04.73528, 115.15554, 
04.73502, 115.15505, 
04.73490, 115.15477, 
04.73481, 115.15452, 
04.73463, 115.15392, 
04.73404, 115.15212, 
04.73399, 115.15194, 
04.73397, 115.15191, 
04.73350, 115.15036, 
04.73339, 115.15005, 
04.73252, 115.14733, 
04.73242, 115.14688, 
04.73237, 115.14651, 
04.73236, 115.14606, 
04.73237, 115.14600, 
04.73238, 115.14582, 
04.73241, 115.14561, 
04.73262, 115.14461, 
04.73266, 115.14446, 
04.73271, 115.14417, 
04.73272, 115.14416, 
04.73281, 115.14368, 
04.73292, 115.14319, 
04.73308, 115.14220, 
04.73317, 115.14136, 
04.73320, 115.14082, 
04.73319, 115.14019, 
04.73314, 115.13996, 
04.73308, 115.13960, 
04.73299, 115.13929, 
04.73285, 115.13873, 
04.73284, 115.13872, 
04.73255, 115.13789, 
04.73154, 115.13525, 
04.73151, 115.13519, 
04.73142, 115.13488, 
04.73122, 115.13430, 
04.72992, 115.13100, 
04.72960, 115.13011, 
04.72940, 115.12948, 
04.72922, 115.12881, 
04.72902, 115.12779, 
04.72878, 115.12625, 
04.72858, 115.12476, 
04.72840, 115.12390, 
04.72822, 115.12329, 
04.72810, 115.12296, 
04.72795, 115.12260, 
04.72792, 115.12255, 
04.72778, 115.12226, 
04.72753, 115.12181, 
04.72704, 115.12111, 
04.72666, 115.12064, 
04.72617, 115.12014, 
04.72326, 115.11748, 
04.72319, 115.11740, 
04.72213, 115.11639, 
04.72174, 115.11606, 
04.72153, 115.11590, 
04.72086, 115.11543, 
04.71753, 115.11325, 
04.71648, 115.11260, 
04.71634, 115.11254, 
04.71517, 115.11178, 
04.71512, 115.11174, 
04.71448, 115.11133, 
04.71312, 115.11022, 
04.70944, 115.10784, 
04.70849, 115.10657, 
04.70833, 115.10606, 
04.70817, 115.10539, 
04.70812, 115.10462, 
04.70814, 115.10415, 
04.70818, 115.10387, 
04.70820, 115.10379, 
04.70822, 115.10365, 
04.71157, 115.09205, 
04.71175, 115.09121, 
04.71178, 115.09094, 
04.71177, 115.09078, 
04.71202, 115.08908, 
04.71173, 115.08570, 
04.71146, 115.08365, 
04.71143, 115.08261, 
04.71057, 115.07820, 
04.71009, 115.07742, 
04.70988, 115.07717, 
04.70950, 115.07681, 
04.70890, 115.07629, 
04.70833, 115.07570, 
04.70793, 115.07516, 
04.70780, 115.07491, 
04.70759, 115.07435, 
04.70712, 115.07281, 
04.70692, 115.07231, 
04.70688, 115.07218, 
04.70682, 115.07204, 
04.70672, 115.07150, 
04.70671, 115.07149, 
04.70670, 115.07149, 
04.70669, 115.07148, 
04.70667, 115.07147, 
04.70665, 115.07145, 
04.70665, 115.07143, 
04.70663, 115.07141, 
04.70663, 115.07140, 
04.70662, 115.07138, 
04.70662, 115.07128, 
04.70663, 115.07126, 
04.70664, 115.07125, 
04.70664, 115.07124, 
04.70665, 115.07122, 
04.70669, 115.07118, 
04.70671, 115.07118, 
04.70673, 115.07117, 
04.70668, 115.07084, 
04.70666, 115.07076, 
04.70657, 115.07052, 
04.70641, 115.07016, 
04.70640, 115.07012, 
04.70638, 115.07007, 
04.70636, 115.06999, 
04.70634, 115.06984, 
04.70628, 115.06960, 
04.70628, 115.06957, 
04.70621, 115.06910, 
04.70620, 115.06866, 
04.70619, 115.06856, 
04.70624, 115.06798, 
04.70627, 115.06726, 
04.70626, 115.06685, 
04.70622, 115.06641, 
04.70613, 115.06593, 
04.70610, 115.06585, 
04.70594, 115.06521, 
04.70570, 115.06463, 
04.70543, 115.06408, 
04.70511, 115.06357, 
04.70456, 115.06276, 
04.70447, 115.06265, 
04.70418, 115.06223, 
04.70383, 115.06154, 
04.70378, 115.06140, 
04.70377, 115.06140, 
04.70377, 115.06139, 
04.70364, 115.06106, 
04.70346, 115.06046, 
04.70258, 115.05492, 
04.70240, 115.05364, 
04.70240, 115.05360, 
04.70221, 115.05228, 
04.70213, 115.05189, 
04.70175, 115.04943, 
04.70169, 115.04890, 
04.70157, 115.04844, 
04.70136, 115.04795, 
04.70136, 115.04794, 
04.70118, 115.04763, 
04.70091, 115.04729, 
04.70061, 115.04701, 
04.70041, 115.04689, 
04.70036, 115.04685, 
04.70028, 115.04681, 
04.70025, 115.04679, 
04.70008, 115.04671, 
04.69985, 115.04662, 
04.69964, 115.04656, 
04.69923, 115.04650, 
04.69916, 115.04650, 
04.69902, 115.04648, 
04.69892, 115.04648, 
04.69885, 115.04647, 
04.69878, 115.04648, 
04.69856, 115.04648, 
04.69815, 115.04654, 
04.69808, 115.04654, 
04.69793, 115.04656, 
04.69786, 115.04656, 
04.69779, 115.04657, 
04.69772, 115.04657, 
04.69771, 115.04658, 
04.69765, 115.04658, 
04.69751, 115.04660, 
04.69737, 115.04660, 
04.69730, 115.04659, 
04.69723, 115.04659, 
04.69711, 115.04657, 
04.69709, 115.04657, 
04.69689, 115.04654, 
04.69661, 115.04646, 
04.69654, 115.04645, 
04.69648, 115.04643, 
04.69648, 115.04642, 
04.69635, 115.04638, 
04.69628, 115.04635, 
04.69603, 115.04622, 
04.69591, 115.04614, 
04.69585, 115.04611, 
04.69575, 115.04604, 
04.69573, 115.04603, 
04.69568, 115.04598, 
04.69557, 115.04590, 
04.69552, 115.04585, 
04.69546, 115.04581, 
04.69541, 115.04576, 
04.69535, 115.04572, 
04.69530, 115.04567, 
04.69524, 115.04563, 
04.69519, 115.04558, 
04.69513, 115.04554, 
04.69508, 115.04549, 
04.69502, 115.04545, 
04.69486, 115.04532, 
04.69481, 115.04527, 
04.69475, 115.04523, 
04.69470, 115.04518, 
04.69464, 115.04514, 
04.69459, 115.04509, 
04.69453, 115.04505, 
04.69448, 115.04500, 
04.69437, 115.04492, 
04.69432, 115.04487, 
04.69410, 115.04469, 
04.69405, 115.04464, 
04.69394, 115.04455, 
04.69389, 115.04450, 
04.69383, 115.04446, 
04.69373, 115.04436, 
04.69367, 115.04432, 
04.69359, 115.04424, 
04.69269, 115.04351, 
04.69267, 115.04349, 
04.69261, 115.04345, 
04.69126, 115.04236, 
04.69108, 115.04220, 
04.69099, 115.04211, 
04.69096, 115.04206, 
04.69051, 115.04150, 
04.69030, 115.04121, 
04.69015, 115.04096, 
04.68997, 115.04061, 
04.68978, 115.04013, 
04.68974, 115.03991, 
04.68969, 115.03977, 
04.68955, 115.03976, 
04.68891, 115.03964, 
04.68876, 115.03960, 
04.68868, 115.03955, 
04.68862, 115.03950, 
04.68858, 115.03945, 
04.68856, 115.03940, 
04.68856, 115.03937, 
04.68855, 115.03935, 
04.68831, 115.03799, 
04.68831, 115.03792, 
04.68833, 115.03780, 
04.68837, 115.03768, 
04.68843, 115.03757, 
04.68846, 115.03753, 
04.68850, 115.03749, 
04.68866, 115.03744, 
04.68877, 115.03744, 
04.68894, 115.03742, 
04.68897, 115.03741, 
04.68903, 115.03737, 
04.68912, 115.03727, 
04.68918, 115.03717, 
04.68921, 115.03713, 
04.68923, 115.03711, 
04.68927, 115.03708, 
04.68921, 115.03670, 
04.68921, 115.03668, 
04.68918, 115.03652, 
04.68916, 115.03634, 
04.68910, 115.03613, 
04.68899, 115.03563, 
04.68899, 115.03560, 
04.68885, 115.03457, 
04.68884, 115.03453, 
04.68882, 115.03438, 
04.68881, 115.03417, 
04.68885, 115.03383, 
04.68893, 115.03364, 
04.68901, 115.03348, 
04.68903, 115.03343, 
04.68926, 115.03315, 
04.68963, 115.03284, 
04.69008, 115.03252, 
04.69046, 115.03221, 
04.69078, 115.03186, 
04.69107, 115.03151, 
04.69108, 115.03149, 
04.69126, 115.03123, 
04.69136, 115.03099, 
04.69144, 115.03068, 
04.69153, 115.03026, 
04.69154, 115.03018, 
04.69154, 115.03013, 
04.69153, 115.03008, 
04.69150, 115.03003, 
04.69138, 115.02978, 
04.69133, 115.02962, 
04.69131, 115.02950, 
04.69130, 115.02939, 
04.69130, 115.02934, 
04.69131, 115.02928, 
04.69133, 115.02923, 
04.69140, 115.02913, 
04.69167, 115.02894, 
04.69092, 115.02596, 
04.69081, 115.02543, 
04.69065, 115.02486, 
04.69054, 115.02460, 
04.69002, 115.02371, 
04.68998, 115.02363, 
04.68949, 115.02280, 
04.68947, 115.02278, 
04.68931, 115.02250, 
04.68917, 115.02233, 
04.68888, 115.02208, 
04.68847, 115.02179, 
04.68846, 115.02178, 
04.68774, 115.02126, 
04.68741, 115.02099, 
04.68598, 115.01959, 
04.68582, 115.01947, 
04.68564, 115.01927, 
04.68550, 115.01907, 
04.68542, 115.01889, 
04.68538, 115.01872, 
04.68536, 115.01854, 
04.68537, 115.01836, 
04.68542, 115.01808, 
04.68547, 115.01789, 
04.68552, 115.01782, 
04.68554, 115.01777, 
04.68563, 115.01765, 
04.68582, 115.01744, 
04.68652, 115.01680, 
04.68672, 115.01659, 
04.68680, 115.01646, 
04.68692, 115.01620, 
04.68727, 115.01521, 
04.68734, 115.01509, 
04.68742, 115.01499, 
04.68751, 115.01490, 
04.68957, 115.01361, 
04.69053, 115.01304, 
04.69054, 115.01303, 
04.69124, 115.01257, 
04.69142, 115.01248, 
04.69178, 115.01235, 
04.69179, 115.01234, 
04.69202, 115.01228, 
04.69271, 115.01216, 
04.69295, 115.01207, 
04.69307, 115.01200, 
04.69320, 115.01187, 
04.69324, 115.01181, 
04.69326, 115.01179, 
04.69354, 115.01127, 
04.69366, 115.01111, 
04.69374, 115.01104, 
04.69381, 115.01100, 
04.69388, 115.01097, 
04.69394, 115.01093, 
04.69412, 115.01088, 
04.69454, 115.01080, 
04.69475, 115.01075, 
04.69501, 115.01067, 
04.69544, 115.01049, 
04.69599, 115.01019, 
04.69691, 115.00965, 
04.69781, 115.00908, 
04.69797, 115.00899, 
04.69824, 115.00882, 
04.69846, 115.00870, 
04.69867, 115.00861, 
04.69875, 115.00859, 
04.69884, 115.00858, 
04.69968, 115.00842, 
04.69983, 115.00838, 
04.69991, 115.00837, 
04.70004, 115.00834, 
04.70097, 115.00818, 
04.70106, 115.00817, 
04.70110, 115.00816, 
04.70122, 115.00815, 
04.70131, 115.00816, 
04.70137, 115.00815, 
04.70145, 115.00817, 
04.70160, 115.00818, 
04.70186, 115.00826, 
04.70192, 115.00829, 
04.70234, 115.00846, 
04.70260, 115.00858, 
04.70285, 115.00868, 
04.70313, 115.00876, 
04.70328, 115.00878, 
04.70554, 115.00883, 
04.70623, 115.00887, 
04.70644, 115.00890, 
04.70671, 115.00897, 
04.70704, 115.00909, 
04.70729, 115.00916, 
04.70760, 115.00922, 
04.70765, 115.00924, 
04.70790, 115.00930, 
04.70814, 115.00938, 
04.70848, 115.00943, 
04.70885, 115.00946, 
04.70997, 115.00947, 
04.71031, 115.00946, 
04.71040, 115.00945, 
04.71049, 115.00945, 
04.71158, 115.00938, 
04.71168, 115.00939, 
04.71183, 115.00943, 
04.71191, 115.00948, 
04.71195, 115.00952, 
04.71206, 115.00972, 
04.71210, 115.00978, 
04.71225, 115.01006, 
04.71238, 115.01023, 
04.71251, 115.01038, 
04.71302, 115.01088, 
04.71314, 115.01101, 
04.71365, 115.01151, 
04.71382, 115.01165, 
04.71398, 115.01176, 
04.71422, 115.01188, 
04.71423, 115.01188, 
04.71440, 115.01195, 
04.71454, 115.01197, 
04.71456, 115.01198, 
04.71528, 115.01198, 
04.71538, 115.01197, 
04.71960, 115.01205, 
04.71989, 115.01207, 
04.72000, 115.01209, 
04.72007, 115.01211, 
04.72009, 115.01212, 
04.72015, 115.01214, 
04.72030, 115.01221, 
04.72073, 115.01238, 
04.72073, 115.01239, 
04.72208, 115.01290, 
04.72214, 115.01293, 
04.72247, 115.01305, 
04.72333, 115.01342, 
04.72340, 115.01344, 
04.72430, 115.01382, 
04.72435, 115.01383, 
04.72449, 115.01388, 
04.72450, 115.01389, 
04.72465, 115.01393, 
04.72490, 115.01398, 
04.72561, 115.01404, 
04.72569, 115.01404, 
04.72979, 115.01440, 
04.73011, 115.01452, 
04.73064, 115.01465, 
04.73153, 115.01483, 
04.73172, 115.01489, 
04.73192, 115.01498, 
04.73361, 115.01593, 
04.73486, 115.01659, 
04.73530, 115.01686, 
04.73555, 115.01698, 
04.73570, 115.01702, 
04.73594, 115.01706, 
04.73743, 115.01714, 
04.73758, 115.01714, 
04.73799, 115.01707, 
04.73915, 115.01680, 
04.73946, 115.01675, 
04.73989, 115.01671, 
04.74109, 115.01666, 
04.74165, 115.01662, 
04.74188, 115.01658, 
04.74224, 115.01649, 
04.74225, 115.01649, 
04.74269, 115.01636, 
04.74322, 115.01627, 
04.74371, 115.01626, 
04.74386, 115.01627, 
04.74514, 115.01643, 
04.74517, 115.01643, 
04.74995, 115.01704, 
04.75018, 115.01706, 
04.75045, 115.01710, 
04.75196, 115.01726, 
04.75232, 115.01734, 
04.75240, 115.01737, 
04.75328, 115.01764, 
04.75338, 115.01768, 
04.75374, 115.01779, 
04.75502, 115.01826, 
04.75634, 115.01883, 
04.75798, 115.01958, 
04.75980, 115.02023, 
04.76012, 115.02038, 
04.76013, 115.02038, 
04.76061, 115.02058, 
04.76177, 115.02113, 
04.76193, 115.02122, 
04.76194, 115.02122, 
04.76226, 115.02142, 
04.76249, 115.02160, 
04.76255, 115.02164, 
04.76283, 115.02188, 
04.76287, 115.02190, 
04.76321, 115.02217, 
04.76344, 115.02231, 
04.76346, 115.02231, 
04.76354, 115.02235, 
04.76369, 115.02241, 
04.76395, 115.02247, 
04.76410, 115.02248, 
04.76441, 115.02252, 
04.76441, 115.02250, 
04.76442, 115.02250, 
04.76442, 115.02248, 
04.76443, 115.02248, 
04.76443, 115.02247, 
04.76444, 115.02247, 
04.76444, 115.02246, 
04.76445, 115.02246, 
04.76447, 115.02244, 
04.76449, 115.02244, 
04.76450, 115.02243, 
04.76457, 115.02243, 
04.76458, 115.02244, 
04.76459, 115.02244, 
04.76461, 115.02246, 
04.76519, 115.02172, 
04.76526, 115.02162, 
04.76528, 115.02153, 
04.76530, 115.02147, 
04.76532, 115.02138, 
04.76538, 115.02119, 
04.76537, 115.02117, 
04.76537, 115.02115, 
04.76536, 115.02114, 
04.76536, 115.02110, 
04.76537, 115.02108, 
04.76537, 115.02105, 
04.76538, 115.02104, 
04.76539, 115.02102, 
04.76538, 115.02091, 
04.76538, 115.02076, 
04.76539, 115.02067, 
04.76539, 115.02058, 
04.76529, 115.02035, 
04.76521, 115.02022, 
04.76493, 115.01982, 
04.76473, 115.01956, 
04.76462, 115.01945, 
04.76450, 115.01935, 
04.76420, 115.01915, 
04.76383, 115.01896, 
04.76279, 115.01825, 
04.76278, 115.01824, 
04.76269, 115.01818, 
04.76253, 115.01810, 
04.76200, 115.01780, 
04.76185, 115.01768, 
04.76183, 115.01767, 
04.76147, 115.01735, 
04.76126, 115.01713, 
04.76121, 115.01706, 
04.76120, 115.01706, 
04.76092, 115.01668, 
04.76087, 115.01663, 
04.76069, 115.01640, 
04.76052, 115.01624, 
04.76017, 115.01596, 
04.75997, 115.01583, 
04.75953, 115.01561, 
04.75876, 115.01530, 
04.75813, 115.01500, 
04.75803, 115.01494, 
04.75794, 115.01487, 
04.75784, 115.01481, 
04.75768, 115.01469, 
04.75766, 115.01467, 
04.75765, 115.01467, 
04.75748, 115.01454, 
04.75731, 115.01435, 
04.75722, 115.01423, 
04.75716, 115.01409, 
04.75690, 115.01338, 
04.75684, 115.01306, 
04.75683, 115.01295, 
04.75682, 115.01221, 
04.75680, 115.01208, 
04.75675, 115.01194, 
04.75671, 115.01186, 
04.75669, 115.01184, 
04.75667, 115.01181, 
04.75660, 115.01174, 
04.75654, 115.01169, 
04.75570, 115.01113, 
04.75545, 115.01095, 
04.75498, 115.01066, 
04.75449, 115.01043, 
04.75378, 115.00996, 
04.75361, 115.00987, 
04.75330, 115.00976, 
04.75325, 115.00975, 
04.75295, 115.00966, 
04.75285, 115.00964, 
04.75218, 115.00946, 
04.75213, 115.00944, 
04.75184, 115.00936, 
04.75180, 115.00925, 
04.75179, 115.00918, 
04.75170, 115.00883, 
04.75163, 115.00846, 
04.75177, 115.00836, 
04.75182, 115.00838, 
04.75188, 115.00839, 
04.75310, 115.00872, 
04.75316, 115.00873, 
04.75317, 115.00874, 
04.75394, 115.00897, 
04.75427, 115.00905, 
04.75434, 115.00906, 
04.75445, 115.00906, 
04.75460, 115.00903, 
04.75463, 115.00900, 
04.75471, 115.00895, 
04.75486, 115.00890, 
04.75539, 115.00856, 
04.75548, 115.00852, 
04.75557, 115.00846, 
04.75635, 115.00800, 
04.75678, 115.00771, 
04.75702, 115.00751, 
04.75728, 115.00726, 
04.75768, 115.00697, 
04.75807, 115.00672, 
04.75810, 115.00671, 
04.75820, 115.00666, 
04.75833, 115.00662, 
04.75844, 115.00655, 
04.75855, 115.00651, 
04.75855, 115.00650, 
04.75856, 115.00649, 
04.75856, 115.00648, 
04.75861, 115.00643, 
04.75862, 115.00643, 
04.75862, 115.00642, 
04.75870, 115.00639, 
04.75879, 115.00639, 
04.75883, 115.00641, 
04.75885, 115.00641, 
04.75889, 115.00645, 
04.75891, 115.00646, 
04.75892, 115.00648, 
04.75893, 115.00649, 
04.75896, 115.00655, 
04.75896, 115.00666, 
04.75893, 115.00672, 
04.75893, 115.00673, 
04.75891, 115.00675, 
04.75891, 115.00676, 
04.75890, 115.00676, 
04.75890, 115.00677, 
04.75889, 115.00677, 
04.75887, 115.00679, 
04.75886, 115.00679, 
04.75884, 115.00681, 
04.75882, 115.00681, 
04.75880, 115.00682, 
04.75878, 115.00682, 
04.75876, 115.00683, 
04.75872, 115.00683, 
04.75870, 115.00682, 
04.75867, 115.00682, 
04.75865, 115.00681, 
04.75864, 115.00680, 
04.75861, 115.00679, 
04.75860, 115.00677, 
04.75858, 115.00676, 
04.75857, 115.00674, 
04.75856, 115.00673, 
04.75853, 115.00667, 
04.75853, 115.00665, 
04.75849, 115.00665, 
04.75833, 115.00662, 
04.75820, 115.00666, 
04.75810, 115.00671, 
04.75807, 115.00672, 
04.75768, 115.00697, 
04.75728, 115.00726, 
04.75702, 115.00751, 
04.75678, 115.00771, 
04.75635, 115.00800, 
04.75557, 115.00846, 
04.75548, 115.00852, 
04.75539, 115.00856, 
04.75486, 115.00890, 
04.75481, 115.00905, 
04.75481, 115.00943, 
04.75480, 115.00949, 
04.75477, 115.00986, 
04.75471, 115.01002, 
04.75461, 115.01024, 
04.75449, 115.01043, 
04.75378, 115.00996, 
04.75361, 115.00987, 
04.75330, 115.00976, 
04.75325, 115.00975, 
04.75295, 115.00966, 
04.75285, 115.00964, 
04.75218, 115.00946, 
04.75213, 115.00944, 
04.75184, 115.00936, 
04.75180, 115.00925, 
04.75179, 115.00918, 
04.75170, 115.00883, 
04.75162, 115.00840, 
04.75161, 115.00838, 
04.75153, 115.00827, 
04.75130, 115.00806, 
04.75098, 115.00783, 
04.75071, 115.00766, 
04.75062, 115.00759, 
04.74908, 115.00662, 
04.74876, 115.00644, 
04.74855, 115.00634, 
04.74700, 115.00530, 
04.74654, 115.00496, 
04.74628, 115.00479, 
04.74605, 115.00467, 
04.74586, 115.00460, 
04.74575, 115.00458, 
04.74552, 115.00457, 
04.74489, 115.00458, 
04.74462, 115.00460, 
04.74373, 115.00460, 
04.74357, 115.00459, 
04.74345, 115.00456, 
04.74338, 115.00455, 
04.74331, 115.00453, 
04.74308, 115.00442, 
04.74292, 115.00433, 
04.74279, 115.00424, 
04.74261, 115.00410, 
04.74254, 115.00401, 
04.74038, 115.00239, 
04.74028, 115.00230, 
04.74020, 115.00224, 
04.73998, 115.00211, 
04.73965, 115.00194, 
04.73921, 115.00174, 
04.73888, 115.00157, 
04.73788, 115.00117, 
04.73775, 115.00114, 
04.73760, 115.00112, 
04.73741, 115.00112, 
04.73722, 115.00114, 
04.73666, 115.00115, 
04.73635, 115.00111, 
04.73595, 115.00102, 
04.73582, 115.00098, 
04.73571, 115.00093, 
04.73561, 115.00087, 
04.73549, 115.00078, 
04.73521, 115.00053, 
04.73506, 115.00037, 
04.73503, 115.00033, 
04.73475, 115.00008, 
04.73453, 114.99982, 
04.73437, 114.99961, 
04.73434, 114.99958, 
04.73420, 114.99949, 
04.73395, 114.99929, 
04.73367, 114.99897, 
04.73352, 114.99871, 
04.73349, 114.99867, 
04.73345, 114.99859, 
04.73334, 114.99828, 
04.73324, 114.99790, 
04.73319, 114.99753, 
04.73318, 114.99752, 
04.73309, 114.99695, 
04.73297, 114.99633, 
04.73297, 114.99631, 
04.73276, 114.99519, 
04.73270, 114.99500, 
04.73262, 114.99479, 
04.73246, 114.99459, 
04.73236, 114.99449, 
04.73227, 114.99443, 
04.73214, 114.99433, 
04.73189, 114.99420, 
04.73100, 114.99366, 
04.73043, 114.99334, 
04.73040, 114.99333, 
04.72998, 114.99310, 
04.72973, 114.99300, 
04.72957, 114.99296, 
04.72951, 114.99296, 
04.72943, 114.99297, 
04.72938, 114.99297, 
04.72931, 114.99299, 
04.72896, 114.99313, 
04.72886, 114.99316, 
04.72885, 114.99316, 
04.72875, 114.99318, 
04.72863, 114.99318, 
04.72849, 114.99316, 
04.72812, 114.99296, 
04.72752, 114.99259, 
04.72748, 114.99257, 
04.72709, 114.99231, 
04.72685, 114.99219, 
04.72661, 114.99209, 
04.72507, 114.99175, 
04.72466, 114.99163, 
04.72403, 114.99152, 
04.72377, 114.99151, 
04.72357, 114.99149, 
04.72310, 114.99149, 
04.72256, 114.99146, 
04.72213, 114.99135, 
04.72193, 114.99128, 
04.72149, 114.99117, 
04.72121, 114.99112, 
04.72093, 114.99110, 
04.72038, 114.99111, 
04.71946, 114.99106, 
04.71906, 114.99102, 
04.71862, 114.99092, 
04.71800, 114.99071, 
04.71724, 114.99050, 
04.71698, 114.99044, 
04.71674, 114.99036, 
04.71484, 114.98951, 
04.71449, 114.98932, 
04.71430, 114.98923, 
04.71394, 114.98901, 
04.71377, 114.98887, 
04.71364, 114.98869, 
04.71360, 114.98862, 
04.71338, 114.98802, 
04.71338, 114.98800, 
04.71323, 114.98761, 
04.71317, 114.98740, 
04.71313, 114.98732, 
04.71306, 114.98722, 
04.71300, 114.98712, 
04.71294, 114.98706, 
04.71293, 114.98706, 
04.71283, 114.98698, 
04.71267, 114.98691, 
04.71192, 114.98671, 
04.71096, 114.98652, 
04.70992, 114.98637, 
04.70867, 114.98616, 
04.70801, 114.98603, 
04.70603, 114.98571, 
04.70572, 114.98568, 
04.70540, 114.98567, 
04.70500, 114.98569, 
04.70483, 114.98569, 
04.70476, 114.98568, 
04.70430, 114.98554, 
04.70428, 114.98553, 
04.70361, 114.98530, 
04.70324, 114.98522, 
04.70256, 114.98518, 
04.70191, 114.98512, 
04.70152, 114.98503, 
04.69892, 114.98420, 
04.69891, 114.98419, 
04.69573, 114.98312, 
04.69561, 114.98307, 
04.69523, 114.98295, 
04.69483, 114.98284, 
04.69448, 114.98278, 
04.69413, 114.98274, 
04.69381, 114.98268, 
04.69378, 114.98268, 
04.68997, 114.98193, 
04.68941, 114.98184, 
04.68884, 114.98181, 
04.68832, 114.98181, 
04.68534, 114.98170, 
04.68480, 114.98160, 
04.68409, 114.98155, 
04.68259, 114.98154, 
04.68245, 114.98153, 
04.68235, 114.98153, 
04.68205, 114.98151, 
04.68149, 114.98144, 
04.68046, 114.98126, 
04.67997, 114.98120, 
04.67993, 114.98119, 
04.67975, 114.98118, 
04.67954, 114.98119, 
04.67915, 114.98124, 
04.67909, 114.98124, 
04.67833, 114.98135, 
04.67788, 114.98143, 
04.67718, 114.98159, 
04.67693, 114.98168, 
04.67667, 114.98182, 
04.67476, 114.98306, 
04.67466, 114.98311, 
04.67429, 114.98333, 
04.67408, 114.98342, 
04.67386, 114.98349, 
04.67354, 114.98357, 
04.67238, 114.98378, 
04.67236, 114.98378, 
04.67230, 114.98382, 
04.67192, 114.98394, 
04.67173, 114.98403, 
04.67101, 114.98451, 
04.67079, 114.98467, 
04.67075, 114.98464, 
04.67065, 114.98455, 
04.67044, 114.98439, 
04.66818, 114.98250, 
04.66816, 114.98247, 
04.66728, 114.98172, 
04.66661, 114.98124, 
04.66592, 114.98086, 
04.66490, 114.98023, 
04.66451, 114.97996, 
04.66421, 114.97971, 
04.66411, 114.97959, 
04.66400, 114.97944, 
04.66380, 114.97912, 
04.66372, 114.97894, 
04.66349, 114.97834, 
04.66349, 114.97832, 
04.66339, 114.97811, 
04.66335, 114.97801, 
04.66332, 114.97797, 
04.66321, 114.97777, 
04.66314, 114.97766, 
04.66299, 114.97747, 
04.66294, 114.97742, 
04.66291, 114.97738, 
04.66271, 114.97720, 
04.66256, 114.97709, 
04.66254, 114.97707, 
04.66239, 114.97696, 
04.66092, 114.97570, 
04.66065, 114.97545, 
04.65995, 114.97488, 
04.65970, 114.97466, 
04.65950, 114.97450, 
04.65888, 114.97396, 
04.65887, 114.97396, 
04.65866, 114.97377, 
04.65838, 114.97354, 
04.65736, 114.97264, 
04.65705, 114.97233, 
04.65683, 114.97207, 
04.65662, 114.97175, 
04.65636, 114.97127, 
04.65595, 114.97035, 
04.65534, 114.96888, 
04.65485, 114.96777, 
04.65484, 114.96773, 
04.65467, 114.96737, 
04.65422, 114.96633, 
04.65408, 114.96580, 
04.65405, 114.96552, 
04.65405, 114.96549, 
04.65403, 114.96530, 
04.65403, 114.96503, 
04.65404, 114.96495, 
04.65405, 114.96172, 
04.65406, 114.96171, 
04.65406, 114.96152, 
04.65412, 114.96071, 
04.65416, 114.96045, 
04.65416, 114.96043, 
04.65422, 114.96017, 
04.65437, 114.95968, 
04.65445, 114.95947, 
04.65460, 114.95919, 
04.65471, 114.95901, 
04.65505, 114.95855, 
04.65528, 114.95828, 
04.65558, 114.95796, 
04.65712, 114.95615, 
04.65841, 114.95469, 
04.65887, 114.95413, 
04.65906, 114.95387, 
04.65917, 114.95368, 
04.65918, 114.95368, 
04.65932, 114.95341, 
04.65932, 114.95340, 
04.65946, 114.95305, 
04.65958, 114.95263, 
04.66001, 114.95033, 
04.66008, 114.95004, 
04.66019, 114.94971, 
04.66027, 114.94951, 
04.66038, 114.94930, 
04.66039, 114.94927, 
04.66130, 114.94757, 
04.66146, 114.94724, 
04.66160, 114.94690, 
04.66189, 114.94608, 
04.66242, 114.94442, 
04.66243, 114.94440, 
04.66289, 114.94305, 
04.66298, 114.94283, 
04.66350, 114.94134, 
04.66358, 114.94105, 
04.66397, 114.93983, 
04.66400, 114.93967, 
04.66402, 114.93950, 
04.66402, 114.93918, 
04.66401, 114.93908, 
04.66401, 114.93904, 
04.66395, 114.93877, 
04.66296, 114.93597, 
04.66200, 114.93355, 
04.66190, 114.93326, 
04.66146, 114.93216, 
04.66060, 114.92983, 
04.66056, 114.92976, 
04.66042, 114.92940, 
04.66022, 114.92905, 
04.66014, 114.92893, 
04.65998, 114.92872, 
04.65978, 114.92850, 
04.65956, 114.92828, 
04.65932, 114.92809, 
04.65905, 114.92790, 
04.65882, 114.92777, 
04.65867, 114.92770, 
04.65817, 114.92751, 
04.65791, 114.92744, 
04.65765, 114.92739, 
04.65763, 114.92739, 
04.65727, 114.92733, 
04.65709, 114.92731, 
04.65706, 114.92730, 
04.65299, 114.92675, 
04.65296, 114.92675, 
04.65205, 114.92662, 
04.65182, 114.92660, 
04.65069, 114.92645, 
04.65067, 114.92644, 
04.65049, 114.92641, 
04.64997, 114.92626, 
04.64889, 114.92586, 
04.64868, 114.92577, 
04.64846, 114.92570, 
04.64836, 114.92566, 
04.64829, 114.92564, 
04.64808, 114.92555, 
04.64733, 114.92530, 
04.64403, 114.92408, 
04.64371, 114.92395, 
04.63960, 114.92245, 
04.63904, 114.92223, 
04.63842, 114.92201, 
04.63801, 114.92184, 
04.63788, 114.92177, 
04.63777, 114.92170, 
04.63766, 114.92164, 
04.63736, 114.92138, 
04.63723, 114.92125, 
04.63694, 114.92091, 
04.63680, 114.92070, 
04.63678, 114.92068, 
04.63663, 114.92041, 
04.63654, 114.92020, 
04.63645, 114.91992, 
04.63635, 114.91948, 
04.63604, 114.91779, 
04.63435, 114.90779, 
04.63434, 114.90767, 
04.63435, 114.90715, 
04.63447, 114.90645, 
04.63480, 114.90479, 
04.63491, 114.90414, 
04.63493, 114.90395, 
04.63492, 114.90364, 
04.63488, 114.90330, 
04.63482, 114.90297, 
04.63456, 114.90202, 
04.63426, 114.90110, 
04.63374, 114.89931, 
04.63365, 114.89907, 
04.63740, 114.89782, 
04.63775, 114.89769, 
04.63819, 114.89748, 
04.63845, 114.89732, 
04.63878, 114.89708, 
04.63906, 114.89685, 
04.63909, 114.89683, 
04.64258, 114.89398, 
04.64332, 114.89328, 
04.64343, 114.89315, 
04.64371, 114.89275, 
04.64395, 114.89229, 
04.64602, 114.88778, 
04.64653, 114.88659, 
04.64661, 114.88629, 
04.64670, 114.88583, 
04.64670, 114.88546, 
04.64668, 114.88518, 
04.64664, 114.88486, 
04.64643, 114.88391, 
04.64629, 114.88336, 
04.64529, 114.88003, 
04.64305, 114.87221, 
04.64295, 114.87180, 
04.64295, 114.87178, 
04.64286, 114.87136, 
04.64269, 114.87014, 
04.64262, 114.86989, 
04.64261, 114.86983, 
04.64245, 114.86938, 
04.64189, 114.86794, 
04.64175, 114.86751, 
04.64168, 114.86723, 
04.64161, 114.86671, 
04.64161, 114.86640, 
04.64162, 114.86626, 
04.64166, 114.86601, 
04.64176, 114.86563, 
04.64183, 114.86544, 
04.64193, 114.86522, 
04.64213, 114.86485, 
04.64231, 114.86458, 
04.64236, 114.86449, 
04.64330, 114.86320, 
04.64340, 114.86305, 
04.64736, 114.85766, 
04.64756, 114.85735, 
04.64765, 114.85719, 
04.64786, 114.85670, 
04.64791, 114.85655, 
04.64791, 114.85652, 
04.64797, 114.85636, 
04.64803, 114.85602, 
04.64804, 114.85599, 
04.64807, 114.85534, 
04.64805, 114.85496, 
04.64789, 114.85343, 
04.64788, 114.85270, 
04.64792, 114.85216, 
04.64797, 114.85181, 
04.64808, 114.85128, 
04.64870, 114.84865, 
04.64884, 114.84818, 
04.64904, 114.84762, 
04.65126, 114.84227, 
04.65129, 114.84221, 
04.65290, 114.83836, 
04.65309, 114.83782, 
04.65321, 114.83736, 
04.65352, 114.83595, 
04.65352, 114.83594, 
04.65374, 114.83523, 
04.65387, 114.83496, 
04.65611, 114.83066, 
04.65613, 114.83061, 
04.65765, 114.82769, 
04.65772, 114.82757, 
04.66246, 114.81848, 
04.66247, 114.81847, 
04.66326, 114.81695, 
04.66364, 114.81628, 
04.66408, 114.81545, 
04.66431, 114.81508, 
04.66446, 114.81488, 
04.66466, 114.81464, 
04.66496, 114.81434, 
04.66533, 114.81403, 
04.66557, 114.81388, 
04.66576, 114.81378, 
04.66606, 114.81364, 
04.66651, 114.81346, 
04.67051, 114.81237, 
04.67344, 114.81150, 
04.67361, 114.81144, 
04.67706, 114.81046, 
04.67745, 114.81038, 
04.67768, 114.81031, 
04.67813, 114.81025, 
04.68225, 114.81016, 
04.68290, 114.81012, 
04.68322, 114.81005, 
04.68356, 114.80994, 
04.68396, 114.80978, 
04.68397, 114.80977, 
04.68421, 114.80965, 
04.68467, 114.80936, 
04.68551, 114.80874, 
04.68575, 114.80852, 
04.68884, 114.80615, 
04.68935, 114.80573, 
04.68937, 114.80572, 
04.68975, 114.80544, 
04.68998, 114.80529, 
04.69023, 114.80516, 
04.69048, 114.80506, 
04.69090, 114.80493, 
04.69249, 114.80464, 
04.69254, 114.80464, 
04.69447, 114.80428, 
04.69458, 114.80427, 
04.69605, 114.80397, 
04.69662, 114.80389, 
04.69711, 114.80377, 
04.69728, 114.80371, 
04.69744, 114.80364, 
04.69745, 114.80364, 
04.69786, 114.80343, 
04.69820, 114.80320, 
04.69822, 114.80318, 
04.70009, 114.80166, 
04.70061, 114.80126, 
04.70504, 114.79766, 
04.70506, 114.79764, 
04.70572, 114.79713, 
04.70590, 114.79702, 
04.70609, 114.79692, 
04.70642, 114.79679, 
04.70892, 114.79602, 
04.70918, 114.79593, 
04.71005, 114.79568, 
04.71029, 114.79565, 
04.71077, 114.79564, 
04.71108, 114.79569, 
04.71111, 114.79569, 
04.71131, 114.79572, 
04.71155, 114.79579, 
04.71175, 114.79586, 
04.71190, 114.79593, 
04.71225, 114.79615, 
04.71241, 114.79627, 
04.71252, 114.79637, 
04.71285, 114.79671, 
04.71405, 114.79802, 
04.71418, 114.79815, 
04.71484, 114.79889, 
04.71515, 114.79921, 
04.71516, 114.79921, 
04.71525, 114.79930, 
04.71541, 114.79942, 
04.71573, 114.79961, 
04.71591, 114.79969, 
04.71607, 114.79974, 
04.71623, 114.79977, 
04.71625, 114.79978, 
04.71662, 114.79984, 
04.71679, 114.79984, 
04.71681, 114.79985, 
04.72183, 114.79993, 
04.72375, 114.80007, 
04.72446, 114.80016, 
04.72447, 114.80017, 
04.72482, 114.80024, 
04.72513, 114.80032, 
04.72540, 114.80041, 
04.72550, 114.80046, 
04.72559, 114.80049, 
04.72583, 114.80062, 
04.72594, 114.80070, 
04.72681, 114.80149, 
04.72979, 114.80445, 
04.72990, 114.80452, 
04.73003, 114.80463, 
04.73083, 114.80545, 
04.73144, 114.80604, 
04.73154, 114.80615, 
04.73305, 114.80765, 
04.73313, 114.80772, 
04.73334, 114.80794, 
04.73366, 114.80832, 
04.73400, 114.80866, 
04.73460, 114.80922, 
04.73489, 114.80942, 
04.73489, 114.80943, 
04.73492, 114.80945, 
04.73674, 114.81111, 
04.73683, 114.81116, 
04.73708, 114.81119, 
04.73749, 114.81115, 
04.73763, 114.81115, 
04.73769, 114.81117, 
04.73772, 114.81119, 
04.73778, 114.81125, 
04.73781, 114.81131, 
04.73783, 114.81134, 
04.73786, 114.81146, 
04.73792, 114.81187, 
04.73791, 114.81206, 
04.73793, 114.81210, 
04.73797, 114.81215, 
04.73802, 114.81219, 
04.73823, 114.81239, 
04.73828, 114.81243, 
04.73858, 114.81273, 
04.73881, 114.81292, 
04.73931, 114.81329, 
04.73963, 114.81342, 
04.73970, 114.81348, 
04.73986, 114.81354, 
04.73993, 114.81356, 
04.74004, 114.81358, 
04.74010, 114.81358, 
04.74028, 114.81353, 
04.74040, 114.81351, 
04.74053, 114.81352, 
04.74075, 114.81352, 
04.74118, 114.81359, 
04.74138, 114.81366, 
04.74275, 114.81385, 
04.74301, 114.81394, 
04.74374, 114.81435, 
04.74454, 114.81493, 
04.74475, 114.81503, 
04.74853, 114.81588, 
04.74897, 114.81596, 
04.74935, 114.81606, 
04.74989, 114.81630, 
04.75060, 114.81673, 
04.75298, 114.81808, 
04.75300, 114.81810, 
04.75681, 114.82031, 
04.75791, 114.82102, 
04.75878, 114.82152, 
04.75892, 114.82156, 
04.75904, 114.82161, 
04.76266, 114.82246, 
04.76301, 114.82253, 
04.76306, 114.82255, 
04.76321, 114.82258, 
04.76325, 114.82260, 
04.76340, 114.82263, 
04.76343, 114.82264, 
04.76353, 114.82266, 
04.76356, 114.82267, 
04.76359, 114.82267, 
04.76380, 114.82272, 
04.76384, 114.82272, 
04.76388, 114.82273, 
04.76390, 114.82274, 
04.76393, 114.82274, 
04.76403, 114.82276, 
04.76407, 114.82278, 
04.76422, 114.82281, 
04.76425, 114.82282, 
04.76427, 114.82282, 
04.76450, 114.82287, 
04.76451, 114.82287, 
04.76456, 114.82289, 
04.76499, 114.82298, 
04.76502, 114.82300, 
04.76536, 114.82309, 
04.76552, 114.82312, 
04.76558, 114.82314, 
04.76609, 114.82325, 
04.76618, 114.82325, 
04.76619, 114.82326, 
04.76653, 114.82333, 
04.76655, 114.82333, 
04.76657, 114.82334, 
04.76667, 114.82336, 
04.76672, 114.82336, 
04.76691, 114.82340, 
04.76695, 114.82340, 
04.76705, 114.82342, 
04.76710, 114.82342, 
04.76719, 114.82344, 
04.76724, 114.82344, 
04.76726, 114.82345, 
04.76729, 114.82345, 
04.76738, 114.82347, 
04.76743, 114.82347, 
04.76747, 114.82348, 
04.76748, 114.82348, 
04.76753, 114.82349, 
04.76758, 114.82349, 
04.76773, 114.82352, 
04.76790, 114.82350, 
04.76794, 114.82350, 
04.76809, 114.82348, 
04.76816, 114.82346, 
04.76820, 114.82342, 
04.76821, 114.82342, 
04.76823, 114.82341, 
04.76830, 114.82326, 
04.76844, 114.82253, 
04.76845, 114.82250, 
04.76845, 114.82247, 
04.76846, 114.82244, 
04.76846, 114.82241, 
04.76847, 114.82238, 
04.76847, 114.82235, 
04.76848, 114.82232, 
04.76848, 114.82226, 
04.76849, 114.82223, 
04.76849, 114.82220, 
04.76850, 114.82217, 
04.76850, 114.82214, 
04.76851, 114.82211, 
04.76851, 114.82208, 
04.76852, 114.82205, 
04.76852, 114.82202, 
04.76853, 114.82199, 
04.76853, 114.82193, 
04.76854, 114.82190, 
04.76854, 114.82180, 
04.76855, 114.82177, 
04.76855, 114.82171, 
04.76856, 114.82168, 
04.76856, 114.82159, 
04.76857, 114.82156, 
04.76857, 114.82147, 
04.76858, 114.82144, 
04.76858, 114.82138, 
04.76859, 114.82135, 
04.76859, 114.82126, 
04.76860, 114.82123, 
04.76860, 114.82113, 
04.76861, 114.82110, 
04.76861, 114.82101, 
04.76862, 114.82098, 
04.76862, 114.82092, 
04.76863, 114.82089, 
04.76863, 114.82080, 
04.76864, 114.82077, 
04.76864, 114.82068, 
04.76865, 114.82065, 
04.76865, 114.82059, 
04.76866, 114.82055, 
04.76866, 114.82046, 
04.76867, 114.82043, 
04.76867, 114.82034, 
04.76868, 114.82031, 
04.76868, 114.82025, 
04.76869, 114.82022, 
04.76869, 114.82013, 
04.76870, 114.82010, 
04.76870, 114.82001, 
04.76871, 114.81998, 
04.76871, 114.81991, 
04.76872, 114.81988, 
04.76872, 114.81979, 
04.76873, 114.81976, 
04.76873, 114.81967, 
04.76874, 114.81964, 
04.76874, 114.81955, 
04.76875, 114.81952, 
04.76875, 114.81949, 
04.76879, 114.81939, 
04.76893, 114.81834, 
04.76901, 114.81752, 
04.76901, 114.81736, 
04.76904, 114.81719, 
04.76907, 114.81709, 
04.76912, 114.81699, 
04.76919, 114.81691, 
04.76948, 114.81672, 
04.76950, 114.81668, 
04.76953, 114.81665, 
04.76955, 114.81642, 
04.76954, 114.81629, 
04.76952, 114.81617, 
04.76951, 114.81615, 
04.76950, 114.81599, 
04.76950, 114.81520, 
04.76951, 114.81518, 
04.76952, 114.81514, 
04.76952, 114.81450, 
04.76953, 114.81448, 
04.76953, 114.81431, 
04.76954, 114.81429, 
04.76954, 114.81422, 
04.76955, 114.81416, 
04.76962, 114.81392, 
04.76980, 114.81340, 
04.76994, 114.81309, 
04.77010, 114.81286, 
04.77051, 114.81236, 
04.77234, 114.80958, 
04.77240, 114.80944, 
04.77240, 114.80930, 
04.77235, 114.80915, 
04.77153, 114.80712, 
04.77149, 114.80699, 
04.77148, 114.80687, 
04.77151, 114.80675, 
04.77156, 114.80662, 
04.77392, 114.80330, 
04.77442, 114.80255, 
04.77447, 114.80245, 
04.77448, 114.80236, 
04.77446, 114.80227, 
04.77440, 114.80215, 
04.77333, 114.80058, 
04.77314, 114.80032, 
04.77283, 114.79995, 
04.77254, 114.79965, 
04.77250, 114.79962, 
04.77237, 114.79950, 
04.77226, 114.79943, 
04.77210, 114.79936, 
04.77209, 114.79936, 
04.77120, 114.79905, 
04.77086, 114.79895, 
04.77079, 114.79894, 
04.77037, 114.79878, 
04.77016, 114.79874, 
04.77002, 114.79869, 
04.76992, 114.79864, 
04.76982, 114.79856, 
04.76971, 114.79843, 
04.76966, 114.79831, 
04.76959, 114.79819, 
04.76947, 114.79793, 
04.76943, 114.79787, 
04.76940, 114.79781, 
04.76936, 114.79776, 
04.76930, 114.79764, 
04.76921, 114.79749, 
04.76918, 114.79743, 
04.76910, 114.79733, 
04.76890, 114.79704, 
04.76880, 114.79693, 
04.76830, 114.79654, 
04.76799, 114.79637, 
04.76778, 114.79631, 
04.76765, 114.79629, 
04.76748, 114.79625, 
04.76704, 114.79617, 
04.76683, 114.79610, 
04.76648, 114.79603, 
04.76643, 114.79603, 
04.76560, 114.79588, 
04.76544, 114.79586, 
04.76487, 114.79572, 
04.76465, 114.79564, 
04.76464, 114.79563, 
04.76361, 114.79523, 
04.76333, 114.79508, 
04.76318, 114.79497, 
04.76296, 114.79475, 
04.76279, 114.79456, 
04.76268, 114.79446, 
04.76256, 114.79433, 
04.76232, 114.79413, 
04.76225, 114.79408, 
04.76204, 114.79399, 
04.76159, 114.79386, 
04.76133, 114.79375, 
04.76116, 114.79370, 
04.76102, 114.79367, 
04.76042, 114.79350, 
04.75996, 114.79339, 
04.75965, 114.79325, 
04.75953, 114.79318, 
04.75870, 114.79263, 
04.75750, 114.79173, 
04.75674, 114.79135, 
04.75665, 114.79128, 
04.75656, 114.79122, 
04.75648, 114.79118, 
04.75640, 114.79113, 
04.75632, 114.79110, 
04.75623, 114.79105, 
04.75622, 114.79105, 
04.75604, 114.79097, 
04.75590, 114.79088, 
04.75555, 114.79068, 
04.75518, 114.79043, 
04.75489, 114.79017, 
04.75476, 114.79003, 
04.75470, 114.78993, 
04.75452, 114.78949, 
04.75449, 114.78930, 
04.75451, 114.78918, 
04.75454, 114.78909, 
04.75456, 114.78892, 
04.75456, 114.78880, 
04.75457, 114.78871, 
04.75459, 114.78861, 
04.75465, 114.78842, 
04.75469, 114.78832, 
04.75471, 114.78821, 
04.75471, 114.78789, 
04.75474, 114.78754, 
04.75476, 114.78743, 
04.75477, 114.78733, 
04.75476, 114.78724, 
04.75472, 114.78714, 
04.75459, 114.78694, 
04.75436, 114.78675, 
04.75359, 114.78631, 
04.75344, 114.78621, 
04.75335, 114.78616, 
04.75276, 114.78595, 
04.75256, 114.78586, 
04.75249, 114.78581, 
04.75243, 114.78574, 
04.75235, 114.78566, 
04.75207, 114.78533, 
04.75202, 114.78524, 
04.75200, 114.78522, 
04.75177, 114.78472, 
04.75172, 114.78463, 
04.75157, 114.78440, 
04.75098, 114.78361, 
04.75052, 114.78296, 
04.75073, 114.78276, 
04.75081, 114.78263, 
04.75213, 114.78025, 
04.75225, 114.78001, 
04.75230, 114.77986, 
04.75230, 114.77969, 
04.75226, 114.77949, 
04.75225, 114.77949, 
04.75213, 114.77910, 
04.75202, 114.77880, 
04.75191, 114.77857, 
04.75176, 114.77836, 
04.75163, 114.77820, 
04.75144, 114.77804, 
04.75122, 114.77788, 
04.75086, 114.77769, 
04.74983, 114.77720, 
04.74967, 114.77709, 
04.74966, 114.77708, 
04.74957, 114.77693, 
04.74955, 114.77676, 
04.74958, 114.77638, 
04.74959, 114.77596, 
04.74960, 114.77584, 
04.74960, 114.77538, 
04.74964, 114.77518, 
04.74973, 114.77494, 
04.75003, 114.77433, 
04.75027, 114.77399, 
04.75027, 114.77398, 
04.75068, 114.77334, 
04.75238, 114.76991, 
04.75241, 114.76988, 
04.75266, 114.76954, 
04.75279, 114.76933, 
04.75298, 114.76893, 
04.75303, 114.76878, 
04.75305, 114.76865, 
04.75305, 114.76853, 
04.75303, 114.76841, 
04.75297, 114.76816, 
04.75271, 114.76748, 
04.75266, 114.76731, 
04.75263, 114.76714, 
04.75264, 114.76697, 
04.75281, 114.76651, 
04.75297, 114.76617, 
04.75314, 114.76592, 
04.75375, 114.76530, 
04.75393, 114.76506, 
04.75411, 114.76479, 
04.75427, 114.76450, 
04.75435, 114.76427, 
04.75441, 114.76402, 
04.75441, 114.76400, 
04.75444, 114.76377, 
04.75445, 114.76292, 
04.75443, 114.76263, 
04.75439, 114.76244, 
04.75432, 114.76224, 
04.75422, 114.76202, 
04.75413, 114.76169, 
04.75411, 114.76131, 
04.75411, 114.76076, 
04.75408, 114.76032, 
04.75409, 114.75993, 
04.75413, 114.75937, 
04.75417, 114.75912, 
04.75423, 114.75889, 
04.75437, 114.75845, 
04.75481, 114.75728, 
04.75485, 114.75715, 
04.75498, 114.75688, 
04.75520, 114.75649, 
04.75527, 114.75633, 
04.75529, 114.75615, 
04.75530, 114.75590, 
04.75528, 114.75567, 
04.75524, 114.75542, 
04.75518, 114.75519, 
04.75510, 114.75498, 
04.75502, 114.75483, 
04.75484, 114.75459, 
04.75463, 114.75436, 
04.75435, 114.75410, 
04.75394, 114.75377, 
04.75394, 114.75376, 
04.75391, 114.75366, 
04.75389, 114.75347, 
04.75382, 114.75332, 
04.75373, 114.75319, 
04.75371, 114.75317, 
04.75316, 114.75279, 
04.75303, 114.75269, 
04.75230, 114.75204, 
04.75208, 114.75186, 
04.75122, 114.75110, 
04.75139, 114.75070, 
04.75149, 114.75056, 
04.75155, 114.75050, 
04.75160, 114.75043, 
04.75166, 114.75037, 
04.75173, 114.75032, 
04.75180, 114.75028, 
04.75187, 114.75023, 
04.75203, 114.75017, 
04.75225, 114.75005, 
04.75232, 114.75000, 
04.75238, 114.74993, 
04.75246, 114.74979, 
04.75248, 114.74971, 
04.75248, 114.74970, 
04.75252, 114.74954, 
04.75254, 114.74937, 
04.75256, 114.74929, 
04.75256, 114.74926, 
04.75259, 114.74903, 
04.75261, 114.74895, 
04.75262, 114.74887, 
04.75274, 114.74855, 
04.75278, 114.74847, 
04.75287, 114.74823, 
04.75291, 114.74807, 
04.75292, 114.74799, 
04.75298, 114.74774, 
04.75304, 114.74758, 
04.75308, 114.74750, 
04.75308, 114.74749, 
04.75339, 114.74700, 
04.75342, 114.74692, 
04.75355, 114.74642, 
04.75364, 114.74619, 
04.75379, 114.74598, 
04.75385, 114.74592, 
04.75390, 114.74585, 
04.75396, 114.74579, 
04.75401, 114.74572, 
04.75407, 114.74566, 
04.75408, 114.74566, 
04.75413, 114.74560, 
04.75449, 114.74524, 
04.75455, 114.74519, 
04.75464, 114.74509, 
04.75475, 114.74491, 
04.75478, 114.74483, 
04.75509, 114.74355, 
04.75509, 114.74351, 
04.75512, 114.74339, 
04.75516, 114.74327, 
04.75528, 114.74279, 
04.75530, 114.74266, 
04.75533, 114.74254, 
04.75535, 114.74242, 
04.75536, 114.74229, 
04.75536, 114.74217, 
04.75538, 114.74192, 
04.75538, 114.74155, 
04.75539, 114.74142, 
04.75539, 114.74117, 
04.75540, 114.74105, 
04.75540, 114.74068, 
04.75541, 114.74055, 
04.75541, 114.74029, 
04.75543, 114.74005, 
04.75543, 114.73968, 
04.75544, 114.73958, 
04.75546, 114.73959, 
04.75550, 114.73959, 
04.75552, 114.73960, 
04.75559, 114.73960, 
04.75561, 114.73961, 
04.75568, 114.73961, 
04.75570, 114.73962, 
04.75577, 114.73962, 
04.75579, 114.73963, 
04.75584, 114.73963, 
04.75586, 114.73964, 
04.75594, 114.73964, 
04.75595, 114.73965, 
04.75601, 114.73965, 
04.75603, 114.73966, 
04.75610, 114.73966, 
04.75612, 114.73967, 
04.75618, 114.73967, 
04.75620, 114.73968, 
04.75627, 114.73968, 
04.75629, 114.73969, 
04.75635, 114.73969, 
04.75637, 114.73970, 
04.75644, 114.73970, 
04.75646, 114.73971, 
04.75652, 114.73971, 
04.75653, 114.73972, 
04.75661, 114.73972, 
04.75663, 114.73973, 
04.75668, 114.73973, 
04.75670, 114.73974, 
04.75674, 114.73974, 
04.75716, 114.73979, 
04.75761, 114.73988, 
04.75829, 114.74011, 
04.75830, 114.74011, 
04.75842, 114.74016, 
04.75865, 114.74024, 
04.75867, 114.74024, 
04.76130, 114.74112, 
04.76338, 114.74176, 
04.76369, 114.74191, 
04.76543, 114.74284, 
04.76551, 114.74289, 
04.76731, 114.74388, 
04.76997, 114.74484, 
04.77074, 114.74521, 
04.77086, 114.74525, 
04.77091, 114.74526, 
04.77274, 114.74589, 
04.77339, 114.74615, 
04.77377, 114.74637, 
04.77509, 114.74726, 
04.77712, 114.74856, 
04.77720, 114.74862, 
04.77751, 114.74892, 
04.77793, 114.74941, 
04.77797, 114.74945, 
04.77874, 114.75044, 
04.78030, 114.75235, 
04.78031, 114.75237, 
04.78222, 114.75479, 
04.78361, 114.75644, 
04.78455, 114.75741, 
04.78560, 114.75856, 
04.78601, 114.75897, 
04.78626, 114.75924, 
04.78692, 114.75981, 
04.78802, 114.76048, 
04.78804, 114.76050, 
04.78807, 114.76051, 
04.78809, 114.76053, 
04.78812, 114.76054, 
04.78815, 114.76056, 
04.78817, 114.76058, 
04.78820, 114.76059, 
04.78822, 114.76061, 
04.78825, 114.76062, 
04.78827, 114.76064, 
04.78835, 114.76069, 
04.78838, 114.76070, 
04.78840, 114.76072, 
04.78843, 114.76073, 
04.78845, 114.76075, 
04.78848, 114.76076, 
04.78851, 114.76078, 
04.78853, 114.76080, 
04.78856, 114.76081, 
04.78858, 114.76083, 
04.78861, 114.76084, 
04.78863, 114.76086, 
04.78866, 114.76087, 
04.78868, 114.76089, 
04.78871, 114.76091, 
04.78874, 114.76092, 
04.78876, 114.76094, 
04.78877, 114.76094, 
04.78879, 114.76095, 
04.78881, 114.76097, 
04.78884, 114.76098, 
04.78886, 114.76100, 
04.78889, 114.76102, 
04.78892, 114.76103, 
04.78894, 114.76105, 
04.78897, 114.76106, 
04.78899, 114.76108, 
04.78902, 114.76109, 
04.78904, 114.76111, 
04.78912, 114.76116, 
04.78915, 114.76117, 
04.78915, 114.76118, 
04.78920, 114.76120, 
04.78922, 114.76122, 
04.78925, 114.76124, 
04.78926, 114.76124, 
04.78927, 114.76125, 
04.78930, 114.76127, 
04.78933, 114.76128, 
04.78935, 114.76130, 
04.78938, 114.76131, 
04.78940, 114.76133, 
04.78948, 114.76138, 
04.78951, 114.76139, 
04.78953, 114.76141, 
04.78956, 114.76142, 
04.78958, 114.76144, 
04.78966, 114.76149, 
04.78969, 114.76150, 
04.78971, 114.76152, 
04.78974, 114.76153, 
04.78976, 114.76155, 
04.78984, 114.76160, 
04.78987, 114.76161, 
04.78989, 114.76163, 
04.78992, 114.76164, 
04.78994, 114.76166, 
04.79007, 114.76174, 
04.79010, 114.76175, 
04.79012, 114.76177, 
04.79025, 114.76185, 
04.79028, 114.76186, 
04.79030, 114.76188, 
04.79038, 114.76193, 
04.79040, 114.76195, 
04.79042, 114.76196, 
04.79043, 114.76196, 
04.79044, 114.76197, 
04.79046, 114.76198, 
04.79048, 114.76200, 
04.79483, 114.76462, 
04.79490, 114.76467, 
04.79524, 114.76487, 
04.79531, 114.76492, 
04.79551, 114.76504, 
04.79557, 114.76507, 
04.79558, 114.76508, 
04.79565, 114.76513, 
04.79586, 114.76525, 
04.79603, 114.76536, 
04.79609, 114.76539, 
04.79627, 114.76551, 
04.79633, 114.76554, 
04.79636, 114.76556, 
04.79640, 114.76558, 
04.79646, 114.76562, 
04.79652, 114.76565, 
04.79656, 114.76568, 
04.79658, 114.76569, 
04.79670, 114.76577, 
04.79683, 114.76584, 
04.79695, 114.76592, 
04.79696, 114.76592, 
04.79719, 114.76607, 
04.79726, 114.76610, 
04.79743, 114.76621, 
04.79744, 114.76622, 
04.79750, 114.76625, 
04.79762, 114.76633, 
04.79769, 114.76636, 
04.79769, 114.76637, 
04.79775, 114.76640, 
04.79787, 114.76648, 
04.79793, 114.76651, 
04.79794, 114.76652, 
04.79818, 114.76667, 
04.79824, 114.76670, 
04.79842, 114.76682, 
04.79848, 114.76685, 
04.79873, 114.76701, 
04.79879, 114.76704, 
04.79891, 114.76712, 
04.79892, 114.76713, 
04.79901, 114.76718, 
04.79903, 114.76720, 
04.79916, 114.76727, 
04.79928, 114.76735, 
04.79934, 114.76738, 
04.79958, 114.76754, 
04.79965, 114.76757, 
04.79977, 114.76765, 
04.79978, 114.76766, 
04.80136, 114.76863, 
04.80147, 114.76869, 
04.80167, 114.76882, 
04.80183, 114.76891, 
04.80196, 114.76900, 
04.80338, 114.76982, 
04.80453, 114.77055, 
04.80470, 114.77064, 
04.80563, 114.77120, 
04.80569, 114.77123, 
04.80578, 114.77129, 
04.80579, 114.77129, 
04.80813, 114.77269, 
04.80827, 114.77276, 
04.80833, 114.77276, 
04.80852, 114.77269, 
04.80845, 114.77255, 
04.80835, 114.77223, 
04.80833, 114.77205, 
04.80833, 114.77186, 
04.80836, 114.77172, 
04.80836, 114.77169, 
04.80847, 114.77114, 
04.80852, 114.77079, 
04.80852, 114.77024, 
04.80851, 114.77022, 
04.80851, 114.76997, 
04.80850, 114.76995, 
04.80850, 114.76971, 
04.80849, 114.76969, 
04.80849, 114.76947, 
04.80848, 114.76945, 
04.80848, 114.76920, 
04.80847, 114.76918, 
04.80847, 114.76900, 
04.80846, 114.76898, 
04.80846, 114.76887, 
04.80845, 114.76885, 
04.80845, 114.76883, 
04.80844, 114.76881, 
04.80844, 114.76877, 
04.80843, 114.76875, 
04.80843, 114.76871, 
04.80842, 114.76869, 
04.80842, 114.76867, 
04.80840, 114.76863, 
04.80840, 114.76861, 
04.80839, 114.76859, 
04.80839, 114.76857, 
04.80838, 114.76856, 
04.80838, 114.76854, 
04.80836, 114.76850, 
04.80836, 114.76848, 
04.80834, 114.76844, 
04.80834, 114.76842, 
04.80832, 114.76838, 
04.80831, 114.76837, 
04.80828, 114.76831, 
04.80828, 114.76829, 
04.80826, 114.76827, 
04.80826, 114.76826, 
04.80825, 114.76825, 
04.80825, 114.76824, 
04.80824, 114.76823, 
04.80824, 114.76822, 
04.80823, 114.76821, 
04.80823, 114.76820, 
04.80821, 114.76818, 
04.80820, 114.76816, 
04.80820, 114.76815, 
04.80819, 114.76814, 
04.80818, 114.76814, 
04.80818, 114.76813, 
04.80817, 114.76812, 
04.80817, 114.76811, 
04.80815, 114.76809, 
04.80815, 114.76808, 
04.80813, 114.76806, 
04.80813, 114.76805, 
04.80811, 114.76803, 
04.80811, 114.76802, 
04.80810, 114.76801, 
04.80809, 114.76801, 
04.80808, 114.76800, 
04.80808, 114.76799, 
04.80807, 114.76798, 
04.80807, 114.76797, 
04.80806, 114.76797, 
04.80806, 114.76796, 
04.80804, 114.76794, 
04.80803, 114.76794, 
04.80803, 114.76793, 
04.80800, 114.76790, 
04.80800, 114.76789, 
04.80799, 114.76789, 
04.80796, 114.76786, 
04.80796, 114.76785, 
04.80795, 114.76785, 
04.80792, 114.76782, 
04.80792, 114.76781, 
04.80791, 114.76781, 
04.80784, 114.76774, 
04.80783, 114.76774, 
04.80781, 114.76772, 
04.80781, 114.76771, 
04.80780, 114.76771, 
04.80777, 114.76768, 
04.80776, 114.76768, 
04.80775, 114.76767, 
04.80775, 114.76766, 
04.80774, 114.76765, 
04.80773, 114.76765, 
04.80770, 114.76762, 
04.80769, 114.76762, 
04.80768, 114.76761, 
04.80768, 114.76760, 
04.80767, 114.76760, 
04.80764, 114.76757, 
04.80763, 114.76757, 
04.80762, 114.76756, 
04.80762, 114.76755, 
04.80761, 114.76754, 
04.80760, 114.76754, 
04.80757, 114.76751, 
04.80756, 114.76751, 
04.80756, 114.76750, 
04.80754, 114.76748, 
04.80753, 114.76748, 
04.80751, 114.76746, 
04.80747, 114.76743, 
04.80741, 114.76737, 
04.80738, 114.76735, 
04.80735, 114.76732, 
04.80732, 114.76730, 
04.80726, 114.76724, 
04.80723, 114.76722, 
04.80720, 114.76719, 
04.80713, 114.76714, 
04.80710, 114.76711, 
04.80707, 114.76709, 
04.80704, 114.76706, 
04.80701, 114.76704, 
04.80695, 114.76698, 
04.80692, 114.76696, 
04.80689, 114.76693, 
04.80686, 114.76691, 
04.80646, 114.76657, 
04.80631, 114.76643, 
04.80628, 114.76639, 
04.80617, 114.76629, 
04.80606, 114.76615, 
04.80595, 114.76597, 
04.80595, 114.76596, 
04.80587, 114.76580, 
04.80582, 114.76564, 
04.80578, 114.76546, 
04.80576, 114.76528, 
04.80576, 114.76511, 
04.80578, 114.76493, 
04.80582, 114.76475, 
04.80586, 114.76461, 
04.80593, 114.76444, 
04.80593, 114.76442, 
04.80614, 114.76408, 
04.80628, 114.76392, 
04.80642, 114.76378, 
04.80642, 114.76377, 
04.80643, 114.76377, 
04.80643, 114.76376, 
04.80644, 114.76376, 
04.80644, 114.76375, 
04.80645, 114.76375, 
04.80645, 114.76374, 
04.80646, 114.76374, 
04.80646, 114.76373, 
04.80647, 114.76373, 
04.80647, 114.76372, 
04.80648, 114.76372, 
04.80648, 114.76371, 
04.80649, 114.76371, 
04.80649, 114.76370, 
04.80650, 114.76370, 
04.80650, 114.76369, 
04.80651, 114.76369, 
04.80651, 114.76368, 
04.80652, 114.76368, 
04.80652, 114.76367, 
04.80653, 114.76367, 
04.80653, 114.76366, 
04.80654, 114.76366, 
04.80654, 114.76365, 
04.80655, 114.76365, 
04.80655, 114.76364, 
04.80656, 114.76364, 
04.80656, 114.76363, 
04.80657, 114.76363, 
04.80657, 114.76362, 
04.80658, 114.76362, 
04.80658, 114.76361, 
04.80659, 114.76361, 
04.80659, 114.76360, 
04.80667, 114.76352, 
04.80668, 114.76352, 
04.80668, 114.76351, 
04.80669, 114.76351, 
04.80669, 114.76350, 
04.80670, 114.76350, 
04.80670, 114.76349, 
04.80671, 114.76349, 
04.80671, 114.76348, 
04.80672, 114.76348, 
04.80672, 114.76347, 
04.80673, 114.76347, 
04.80673, 114.76346, 
04.80674, 114.76346, 
04.80674, 114.76345, 
04.80675, 114.76345, 
04.80675, 114.76344, 
04.80676, 114.76344, 
04.80676, 114.76343, 
04.80677, 114.76343, 
04.80677, 114.76342, 
04.80678, 114.76342, 
04.80678, 114.76341, 
04.80679, 114.76341, 
04.80679, 114.76340, 
04.80680, 114.76340, 
04.80680, 114.76339, 
04.80681, 114.76339, 
04.80681, 114.76338, 
04.80682, 114.76338, 
04.80682, 114.76337, 
04.80683, 114.76337, 
04.80683, 114.76336, 
04.80684, 114.76336, 
04.80701, 114.76319, 
04.80701, 114.76318, 
04.80702, 114.76318, 
04.80710, 114.76310, 
04.80711, 114.76310, 
04.80711, 114.76309, 
04.80713, 114.76307, 
04.80714, 114.76307, 
04.80714, 114.76306, 
04.80715, 114.76306, 
04.80715, 114.76305, 
04.80717, 114.76303, 
04.80718, 114.76303, 
04.80718, 114.76302, 
04.80719, 114.76302, 
04.80719, 114.76301, 
04.80720, 114.76300, 
04.80721, 114.76300, 
04.80721, 114.76299, 
04.80722, 114.76299, 
04.80722, 114.76298, 
04.80723, 114.76298, 
04.80723, 114.76297, 
04.80724, 114.76297, 
04.80724, 114.76296, 
04.80725, 114.76296, 
04.80725, 114.76295, 
04.80726, 114.76295, 
04.80726, 114.76294, 
04.80727, 114.76293, 
04.80728, 114.76293, 
04.80728, 114.76292, 
04.80729, 114.76292, 
04.80729, 114.76291, 
04.80730, 114.76291, 
04.80730, 114.76290, 
04.80731, 114.76290, 
04.80731, 114.76289, 
04.80732, 114.76289, 
04.80732, 114.76288, 
04.80733, 114.76288, 
04.80733, 114.76287, 
04.80734, 114.76287, 
04.80734, 114.76286, 
04.80735, 114.76286, 
04.80735, 114.76285, 
04.80736, 114.76285, 
04.80736, 114.76284, 
04.80737, 114.76284, 
04.80737, 114.76283, 
04.80738, 114.76283, 
04.80738, 114.76282, 
04.80739, 114.76282, 
04.80739, 114.76281, 
04.80740, 114.76281, 
04.80740, 114.76280, 
04.80741, 114.76280, 
04.80741, 114.76279, 
04.80742, 114.76279, 
04.80742, 114.76278, 
04.80743, 114.76278, 
04.80743, 114.76277, 
04.80744, 114.76277, 
04.80744, 114.76276, 
04.80745, 114.76276, 
04.80758, 114.76263, 
04.80759, 114.76261, 
04.80761, 114.76260, 
04.80779, 114.76242, 
04.80781, 114.76241, 
04.80789, 114.76233, 
04.80790, 114.76231, 
04.80796, 114.76225, 
04.80798, 114.76224, 
04.80808, 114.76214, 
04.80813, 114.76211, 
04.80815, 114.76209, 
04.80817, 114.76208, 
04.80819, 114.76206, 
04.80821, 114.76205, 
04.80823, 114.76203, 
04.80842, 114.76192, 
04.80872, 114.76179, 
04.80875, 114.76179, 
04.80883, 114.76176, 
04.80897, 114.76173, 
04.80899, 114.76172, 
04.80902, 114.76172, 
04.80905, 114.76171, 
04.80907, 114.76171, 
04.80913, 114.76169, 
04.80915, 114.76169, 
04.80918, 114.76168, 
04.80920, 114.76168, 
04.80923, 114.76167, 
04.80926, 114.76167, 
04.80931, 114.76165, 
04.80934, 114.76165, 
04.80936, 114.76164, 
04.80939, 114.76164, 
04.80944, 114.76162, 
04.80947, 114.76162, 
04.80950, 114.76161, 
04.80952, 114.76161, 
04.80955, 114.76160, 
04.80958, 114.76160, 
04.80963, 114.76158, 
04.80965, 114.76158, 
04.80968, 114.76157, 
04.80971, 114.76157, 
04.80973, 114.76156, 
04.80976, 114.76156, 
04.80979, 114.76155, 
04.80981, 114.76155, 
04.80985, 114.76153, 
04.80987, 114.76153, 
04.80989, 114.76152, 
04.80990, 114.76152, 
04.80994, 114.76150, 
04.80996, 114.76150, 
04.80998, 114.76149, 
04.81000, 114.76149, 
04.81006, 114.76146, 
04.81008, 114.76146, 
04.81014, 114.76143, 
04.81015, 114.76143, 
04.81025, 114.76138, 
04.81026, 114.76137, 
04.81034, 114.76133, 
04.81035, 114.76132, 
04.81041, 114.76129, 
04.81042, 114.76128, 
04.81048, 114.76125, 
04.81049, 114.76124, 
04.81049, 114.76123, 
04.81051, 114.76122, 
04.81052, 114.76121, 
04.81054, 114.76120, 
04.81057, 114.76117, 
04.81059, 114.76116, 
04.81062, 114.76113, 
04.81064, 114.76112, 
04.81068, 114.76108, 
04.81072, 114.76106, 
04.81073, 114.76104, 
04.81077, 114.76102, 
04.81081, 114.76098, 
04.81083, 114.76097, 
04.81084, 114.76096, 
04.81086, 114.76095, 
04.81087, 114.76093, 
04.81088, 114.76093, 
04.81089, 114.76092, 
04.81091, 114.76091, 
04.81095, 114.76087, 
04.81097, 114.76086, 
04.81100, 114.76083, 
04.81102, 114.76082, 
04.81105, 114.76079, 
04.81107, 114.76078, 
04.81108, 114.76077, 
04.81110, 114.76076, 
04.81111, 114.76074, 
04.81115, 114.76072, 
04.81118, 114.76069, 
04.81120, 114.76068, 
04.81124, 114.76064, 
04.81128, 114.76062, 
04.81131, 114.76059, 
04.81133, 114.76058, 
04.81134, 114.76057, 
04.81140, 114.76054, 
04.81141, 114.76053, 
04.81147, 114.76050, 
04.81148, 114.76049, 
04.81150, 114.76048, 
04.81151, 114.76047, 
04.81157, 114.76044, 
04.81170, 114.76039, 
04.81186, 114.76034, 
04.81200, 114.76031, 
04.81202, 114.76030, 
04.81236, 114.76027, 
04.81362, 114.76022, 
04.81395, 114.76018, 
04.81422, 114.76010, 
04.81438, 114.76004, 
04.81439, 114.76003, 
04.81455, 114.75995, 
04.81467, 114.75988, 
04.81480, 114.75979, 
04.81492, 114.75969, 
04.81517, 114.75945, 
04.81529, 114.75930, 
04.81550, 114.75896, 
04.81568, 114.75848, 
04.81568, 114.75846, 
04.81569, 114.75846, 
04.81577, 114.75816, 
04.81582, 114.75793, 
04.81591, 114.75759, 
04.81591, 114.75758, 
04.81603, 114.75708, 
04.81678, 114.75448, 
04.81678, 114.75447, 
04.81684, 114.75428, 
04.81718, 114.75355, 
04.81723, 114.75347, 
04.81723, 114.75345, 
04.81740, 114.75307, 
04.81746, 114.75288, 
04.81750, 114.75268, 
04.81751, 114.75251, 
04.81751, 114.75233, 
04.81749, 114.75216, 
04.81745, 114.75197, 
04.81741, 114.75185, 
04.81740, 114.75180, 
04.81732, 114.75163, 
04.81723, 114.75147, 
04.81715, 114.75135, 
04.81707, 114.75126, 
04.81692, 114.75112, 
04.81575, 114.75016, 
04.81567, 114.75008, 
04.81556, 114.74995, 
04.81535, 114.74960, 
04.81527, 114.74940, 
04.81521, 114.74919, 
04.81518, 114.74899, 
04.81517, 114.74884, 
04.81517, 114.74869, 
04.81521, 114.74840, 
04.81540, 114.74759, 
04.81549, 114.74730, 
04.81566, 114.74692, 
04.81589, 114.74647, 
04.81590, 114.74646, 
04.81590, 114.74645, 
04.81591, 114.74643, 
04.81592, 114.74642, 
04.81593, 114.74640, 
04.81594, 114.74639, 
04.81594, 114.74638, 
04.81595, 114.74636, 
04.81596, 114.74635, 
04.81597, 114.74633, 
04.81597, 114.74632, 
04.81598, 114.74631, 
04.81599, 114.74629, 
04.81600, 114.74628, 
04.81600, 114.74626, 
04.81601, 114.74625, 
04.81602, 114.74623, 
04.81603, 114.74622, 
04.81603, 114.74621, 
04.81604, 114.74619, 
04.81605, 114.74618, 
04.81606, 114.74616, 
04.81606, 114.74615, 
04.81607, 114.74614, 
04.81608, 114.74612, 
04.81609, 114.74611, 
04.81609, 114.74609, 
04.81611, 114.74607, 
04.81611, 114.74606, 
04.81612, 114.74605, 
04.81612, 114.74604, 
04.81613, 114.74602, 
04.81615, 114.74600, 
04.81615, 114.74598, 
04.81616, 114.74597, 
04.81617, 114.74595, 
04.81618, 114.74594, 
04.81618, 114.74592, 
04.81620, 114.74590, 
04.81621, 114.74588, 
04.81621, 114.74587, 
04.81622, 114.74585, 
04.81624, 114.74583, 
04.81624, 114.74581, 
04.81625, 114.74580, 
04.81626, 114.74578, 
04.81627, 114.74577, 
04.81627, 114.74576, 
04.81628, 114.74574, 
04.81629, 114.74573, 
04.81630, 114.74571, 
04.81630, 114.74570, 
04.81632, 114.74567, 
04.81662, 114.74507, 
04.81662, 114.74506, 
04.81663, 114.74505, 
04.81663, 114.74504, 
04.81664, 114.74502, 
04.81664, 114.74501, 
04.81665, 114.74500, 
04.81665, 114.74497, 
04.81666, 114.74496, 
04.81666, 114.74494, 
04.81667, 114.74492, 
04.81667, 114.74490, 
04.81668, 114.74489, 
04.81668, 114.74486, 
04.81669, 114.74485, 
04.81669, 114.74482, 
04.81670, 114.74481, 
04.81670, 114.74477, 
04.81671, 114.74476, 
04.81671, 114.74472, 
04.81672, 114.74470, 
04.81672, 114.74465, 
04.81673, 114.74463, 
04.81673, 114.74457, 
04.81674, 114.74456, 
04.81674, 114.74439, 
04.81673, 114.74437, 
04.81673, 114.74427, 
04.81672, 114.74426, 
04.81672, 114.74419, 
04.81671, 114.74418, 
04.81671, 114.74413, 
04.81670, 114.74411, 
04.81670, 114.74408, 
04.81669, 114.74406, 
04.81669, 114.74403, 
04.81668, 114.74401, 
04.81668, 114.74396, 
04.81667, 114.74395, 
04.81667, 114.74392, 
04.81666, 114.74391, 
04.81666, 114.74387, 
04.81665, 114.74386, 
04.81665, 114.74383, 
04.81664, 114.74382, 
04.81664, 114.74379, 
04.81663, 114.74377, 
04.81663, 114.74375, 
04.81662, 114.74373, 
04.81662, 114.74370, 
04.81661, 114.74368, 
04.81661, 114.74366, 
04.81659, 114.74361, 
04.81659, 114.74359, 
04.81658, 114.74357, 
04.81658, 114.74354, 
04.81657, 114.74352, 
04.81657, 114.74350, 
04.81656, 114.74347, 
04.81656, 114.74345, 
04.81655, 114.74343, 
04.81655, 114.74341, 
04.81653, 114.74336, 
04.81653, 114.74334, 
04.81652, 114.74331, 
04.81652, 114.74329, 
04.81651, 114.74327, 
04.81651, 114.74325, 
04.81650, 114.74322, 
04.81650, 114.74320, 
04.81649, 114.74318, 
04.81649, 114.74315, 
04.81648, 114.74313, 
04.81648, 114.74308, 
04.81647, 114.74306, 
04.81647, 114.74304, 
04.81646, 114.74302, 
04.81646, 114.74299, 
04.81645, 114.74297, 
04.81645, 114.74295, 
04.81644, 114.74292, 
04.81644, 114.74290, 
04.81643, 114.74288, 
04.81643, 114.74286, 
04.81642, 114.74283, 
04.81642, 114.74281, 
04.81641, 114.74279, 
04.81641, 114.74277, 
04.81638, 114.74262, 
04.81634, 114.74250, 
04.81609, 114.74135, 
04.81603, 114.74112, 
04.81583, 114.74020, 
04.81582, 114.74012, 
04.81567, 114.73945, 
04.81564, 114.73923, 
04.81567, 114.73705, 
04.81568, 114.73699, 
04.81569, 114.73684, 
04.81572, 114.73665, 
04.81576, 114.73649, 
04.81588, 114.73622, 
04.81605, 114.73595, 
04.81725, 114.73468, 
04.81767, 114.73427, 
04.81778, 114.73412, 
04.81790, 114.73393, 
04.81798, 114.73377, 
04.81803, 114.73361, 
04.81811, 114.73318, 
04.81811, 114.73298, 
04.81809, 114.73281, 
04.81805, 114.73262, 
04.81677, 114.72870, 
04.81673, 114.72855, 
04.81670, 114.72840, 
04.81668, 114.72820, 
04.81668, 114.72805, 
04.81670, 114.72792, 
04.81670, 114.72790, 
04.81678, 114.72758, 
04.81812, 114.72333, 
04.81875, 114.72171, 
04.81919, 114.72067, 
04.81930, 114.72031, 
04.81934, 114.71998, 
04.81932, 114.71969, 
04.81928, 114.71953, 
04.81928, 114.71952, 
04.81927, 114.71949, 
04.81927, 114.71946, 
04.81925, 114.71940, 
04.81924, 114.71938, 
04.81921, 114.71929, 
04.81919, 114.71926, 
04.81917, 114.71920, 
04.81915, 114.71916, 
04.81915, 114.71915, 
04.81914, 114.71912, 
04.81912, 114.71909, 
04.81909, 114.71901, 
04.81907, 114.71898, 
04.81905, 114.71892, 
04.81903, 114.71890, 
04.81901, 114.71884, 
04.81898, 114.71879, 
04.81896, 114.71873, 
04.81894, 114.71870, 
04.81893, 114.71867, 
04.81890, 114.71862, 
04.81888, 114.71856, 
04.81886, 114.71854, 
04.81885, 114.71851, 
04.81885, 114.71850, 
04.81882, 114.71845, 
04.81881, 114.71842, 
04.81878, 114.71837, 
04.81876, 114.71831, 
04.81874, 114.71829, 
04.81873, 114.71826, 
04.81871, 114.71823, 
04.81870, 114.71820, 
04.81867, 114.71815, 
04.81865, 114.71809, 
04.81863, 114.71807, 
04.81861, 114.71802, 
04.81861, 114.71801, 
04.81858, 114.71796, 
04.81857, 114.71793, 
04.81855, 114.71790, 
04.81854, 114.71787, 
04.81853, 114.71786, 
04.81853, 114.71785, 
04.81851, 114.71782, 
04.81849, 114.71776, 
04.81847, 114.71773, 
04.81845, 114.71769, 
04.81845, 114.71768, 
04.81843, 114.71765, 
04.81842, 114.71762, 
04.81839, 114.71757, 
04.81838, 114.71754, 
04.81837, 114.71753, 
04.81837, 114.71751, 
04.81835, 114.71749, 
04.81833, 114.71743, 
04.81830, 114.71738, 
04.81829, 114.71735, 
04.81827, 114.71732, 
04.81825, 114.71726, 
04.81823, 114.71724, 
04.81821, 114.71718, 
04.81818, 114.71713, 
04.81817, 114.71710, 
04.81815, 114.71707, 
04.81812, 114.71699, 
04.81810, 114.71697, 
04.81808, 114.71691, 
04.81805, 114.71686, 
04.81804, 114.71683, 
04.81802, 114.71680, 
04.81801, 114.71677, 
04.81736, 114.71544, 
04.81729, 114.71526, 
04.81725, 114.71507, 
04.81722, 114.71487, 
04.81722, 114.71470, 
04.81724, 114.71450, 
04.81727, 114.71431, 
04.81774, 114.71306, 
04.81778, 114.71290, 
04.81780, 114.71277, 
04.81781, 114.71265, 
04.81738, 114.70810, 
04.81737, 114.70808, 
04.81723, 114.70648, 
04.81719, 114.70627, 
04.81711, 114.70596, 
04.81541, 114.70209, 
04.81537, 114.70195, 
04.81533, 114.70171, 
04.81533, 114.70145, 
04.81534, 114.70130, 
04.81550, 114.70012, 
04.81551, 114.69999, 
04.81551, 114.69970, 
04.81548, 114.69950, 
04.81547, 114.69949, 
04.81542, 114.69931, 
04.81526, 114.69887, 
04.81526, 114.69886, 
04.81517, 114.69865, 
04.81432, 114.69643, 
04.81425, 114.69619, 
04.81426, 114.69609, 
04.81425, 114.69575, 
04.81427, 114.69567, 
04.81428, 114.69559, 
04.81430, 114.69552, 
04.81433, 114.69545, 
04.81436, 114.69536, 
04.81439, 114.69529, 
04.81451, 114.69508, 
04.81462, 114.69495, 
04.81494, 114.69465, 
04.81595, 114.69389, 
04.81624, 114.69373, 
04.81686, 114.69328, 
04.81756, 114.69269, 
04.81910, 114.69156, 
04.81936, 114.69135, 
04.81951, 114.69121, 
04.81962, 114.69108, 
04.81977, 114.69084, 
04.81985, 114.69068, 
04.81991, 114.69052, 
04.82000, 114.69018, 
04.82001, 114.69011, 
04.82117, 114.68477, 
04.82143, 114.68327, 
04.82154, 114.68253, 
04.82158, 114.68215, 
04.82159, 114.68211, 
04.82160, 114.68191, 
04.82160, 114.68165, 
04.82157, 114.68121, 
04.82152, 114.68083, 
04.82143, 114.68037, 
04.82105, 114.67932, 
04.82102, 114.67926, 
04.82098, 114.67920, 
04.81943, 114.67644, 
04.81923, 114.67613, 
04.81897, 114.67583, 
04.81879, 114.67565, 
04.81859, 114.67548, 
04.81836, 114.67531, 
04.81806, 114.67513, 
04.81803, 114.67513, 
04.81795, 114.67509, 
04.81783, 114.67505, 
04.81771, 114.67503, 
04.81747, 114.67501, 
04.81650, 114.67497, 
04.81625, 114.67495, 
04.81600, 114.67491, 
04.81569, 114.67484, 
04.81566, 114.67484, 
04.81533, 114.67476, 
04.81532, 114.67476, 
04.81520, 114.67473, 
04.81516, 114.67471, 
04.81499, 114.67466, 
04.81497, 114.67465, 
04.81462, 114.67453, 
04.81366, 114.67412, 
04.81308, 114.67390, 
04.81195, 114.67351, 
04.81193, 114.67350, 
04.81143, 114.67338, 
04.80999, 114.67318, 
04.80984, 114.67315, 
04.80958, 114.67308, 
04.80898, 114.67282, 
04.80879, 114.67272, 
04.80876, 114.67270, 
04.80799, 114.67231, 
04.80791, 114.67228, 
04.80775, 114.67224, 
04.80754, 114.67224, 
04.80741, 114.67226, 
04.80684, 114.67240, 
04.80670, 114.67242, 
04.80667, 114.67243, 
04.80649, 114.67243, 
04.80631, 114.67241, 
04.80592, 114.67231, 
04.80570, 114.67224, 
04.80565, 114.67223, 
04.80489, 114.67199, 
04.80480, 114.67195, 
04.80479, 114.67195, 
04.80463, 114.67187, 
04.80448, 114.67178, 
04.80447, 114.67177, 
04.80439, 114.67172, 
04.80433, 114.67167, 
04.80420, 114.67158, 
04.80419, 114.67156, 
04.80402, 114.67143, 
04.80386, 114.67129, 
04.80378, 114.67121, 
04.80377, 114.67118, 
04.80372, 114.67112, 
04.80366, 114.67103, 
04.80347, 114.67061, 
04.80346, 114.67057, 
04.80340, 114.67040, 
04.80339, 114.67038, 
04.80334, 114.67013, 
04.80334, 114.67006, 
04.80338, 114.66987, 
04.80354, 114.66929, 
04.80363, 114.66903, 
04.80365, 114.66900, 
04.80367, 114.66895, 
04.80404, 114.66839, 
04.80438, 114.66799, 
04.80449, 114.66779, 
04.80466, 114.66756, 
04.80472, 114.66751, 
04.80488, 114.66746, 
04.80492, 114.66739, 
04.80498, 114.66718, 
04.80502, 114.66694, 
04.80485, 114.66682, 
04.80522, 114.66498, 
04.80522, 114.66497, 
04.80523, 114.66496, 
04.80523, 114.66492, 
04.80524, 114.66491, 
04.80524, 114.66486, 
04.80525, 114.66486, 
04.80525, 114.66481, 
04.80526, 114.66480, 
04.80526, 114.66475, 
04.80527, 114.66475, 
04.80527, 114.66470, 
04.80528, 114.66470, 
04.80528, 114.66465, 
04.80529, 114.66464, 
04.80529, 114.66459, 
04.80530, 114.66459, 
04.80530, 114.66454, 
04.80531, 114.66453, 
04.80531, 114.66449, 
04.80532, 114.66448, 
04.80532, 114.66443, 
04.80533, 114.66442, 
04.80533, 114.66438, 
04.80564, 114.66278, 
04.80569, 114.66257, 
04.80572, 114.66235, 
04.80572, 114.66214, 
04.80570, 114.66198, 
04.80541, 114.66044, 
04.80537, 114.66014, 
04.80536, 114.65999, 
04.80536, 114.65983, 
04.80535, 114.65970, 
04.80535, 114.65956, 
04.80532, 114.65924, 
04.80529, 114.65910, 
04.80525, 114.65896, 
04.80525, 114.65894, 
04.80491, 114.65765, 
04.80489, 114.65761, 
04.80481, 114.65736, 
04.80476, 114.65723, 
04.80466, 114.65704, 
04.80445, 114.65679, 
04.80440, 114.65674, 
04.80419, 114.65656, 
04.80344, 114.65584, 
04.80338, 114.65577, 
04.80297, 114.65517, 
04.80311, 114.65503, 
04.80313, 114.65502, 
04.80327, 114.65488, 
04.80329, 114.65487, 
04.80333, 114.65483, 
04.80340, 114.65471, 
04.80341, 114.65468, 
04.80343, 114.65466, 
04.80344, 114.65464, 
04.80346, 114.65462, 
04.80348, 114.65459, 
04.80350, 114.65457, 
04.80351, 114.65455, 
04.80355, 114.65451, 
04.80357, 114.65450, 
04.80375, 114.65432, 
04.80377, 114.65431, 
04.80377, 114.65430, 
04.80382, 114.65427, 
04.80386, 114.65423, 
04.80388, 114.65422, 
04.80392, 114.65418, 
04.80395, 114.65417, 
04.80399, 114.65413, 
04.80401, 114.65412, 
04.80405, 114.65408, 
04.80412, 114.65403, 
04.80414, 114.65401, 
04.80419, 114.65398, 
04.80421, 114.65396, 
04.80423, 114.65395, 
04.80427, 114.65391, 
04.80430, 114.65390, 
04.80434, 114.65386, 
04.80436, 114.65385, 
04.80440, 114.65381, 
04.80443, 114.65380, 
04.80449, 114.65374, 
04.80451, 114.65373, 
04.80463, 114.65361, 
04.80468, 114.65358, 
04.80474, 114.65352, 
04.80476, 114.65351, 
04.80478, 114.65349, 
04.80481, 114.65348, 
04.80485, 114.65344, 
04.80492, 114.65340, 
04.80494, 114.65338, 
04.80497, 114.65337, 
04.80502, 114.65334, 
04.80510, 114.65416, 
04.80510, 114.65428, 
04.80512, 114.65439, 
04.80515, 114.65474, 
04.80516, 114.65475, 
04.80516, 114.65479, 
04.80518, 114.65481, 
04.80518, 114.65483, 
04.80521, 114.65487, 
04.80530, 114.65492, 
04.80531, 114.65492, 
04.80537, 114.65495, 
04.80531, 114.65492, 
04.80530, 114.65492, 
04.80521, 114.65487, 
04.80518, 114.65483, 
04.80518, 114.65481, 
04.80516, 114.65479, 
04.80516, 114.65475, 
04.80515, 114.65474, 
04.80512, 114.65439, 
04.80510, 114.65428, 
04.80510, 114.65416, 
04.80502, 114.65334, 
04.80497, 114.65337, 
04.80494, 114.65338, 
04.80492, 114.65340, 
04.80485, 114.65344, 
04.80481, 114.65348, 
04.80478, 114.65349, 
04.80476, 114.65351, 
04.80474, 114.65352, 
04.80468, 114.65358, 
04.80463, 114.65361, 
04.80451, 114.65373, 
04.80449, 114.65374, 
04.80443, 114.65380, 
04.80440, 114.65381, 
04.80436, 114.65385, 
04.80434, 114.65386, 
04.80430, 114.65390, 
04.80427, 114.65391, 
04.80423, 114.65395, 
04.80421, 114.65396, 
04.80419, 114.65398, 
04.80414, 114.65401, 
04.80412, 114.65403, 
04.80405, 114.65408, 
04.80401, 114.65412, 
04.80399, 114.65413, 
04.80395, 114.65417, 
04.80392, 114.65418, 
04.80388, 114.65422, 
04.80386, 114.65423, 
04.80382, 114.65427, 
04.80377, 114.65430, 
04.80377, 114.65431, 
04.80375, 114.65432, 
04.80357, 114.65450, 
04.80355, 114.65451, 
04.80351, 114.65455, 
04.80350, 114.65457, 
04.80348, 114.65459, 
04.80346, 114.65462, 
04.80344, 114.65464, 
04.80343, 114.65466, 
04.80341, 114.65468, 
04.80340, 114.65471, 
04.80333, 114.65483, 
04.80329, 114.65487, 
04.80327, 114.65488, 
04.80313, 114.65502, 
04.80311, 114.65503, 
04.80297, 114.65517, 
04.80286, 114.65501, 
04.80261, 114.65459, 
04.80260, 114.65458, 
04.80260, 114.65457, 
04.80259, 114.65457, 
04.80259, 114.65455, 
04.80258, 114.65455, 
04.80258, 114.65454, 
04.80257, 114.65453, 
04.80257, 114.65452, 
04.80256, 114.65452, 
04.80256, 114.65451, 
04.80255, 114.65450, 
04.80255, 114.65449, 
04.80254, 114.65449, 
04.80254, 114.65448, 
04.80253, 114.65447, 
04.80253, 114.65446, 
04.80252, 114.65445, 
04.80252, 114.65444, 
04.80251, 114.65444, 
04.80251, 114.65443, 
04.80250, 114.65442, 
04.80250, 114.65441, 
04.80249, 114.65441, 
04.80249, 114.65440, 
04.80248, 114.65439, 
04.80248, 114.65438, 
04.80247, 114.65438, 
04.80247, 114.65436, 
04.80246, 114.65436, 
04.80246, 114.65435, 
04.80245, 114.65434, 
04.80245, 114.65433, 
04.80244, 114.65433, 
04.80244, 114.65432, 
04.80243, 114.65431, 
04.80243, 114.65430, 
04.80242, 114.65430, 
04.80242, 114.65428, 
04.80241, 114.65428, 
04.80241, 114.65426, 
04.80240, 114.65426, 
04.80240, 114.65424, 
04.80239, 114.65424, 
04.80239, 114.65422, 
04.80238, 114.65422, 
04.80238, 114.65420, 
04.80237, 114.65417, 
04.80234, 114.65411, 
04.80234, 114.65409, 
04.80232, 114.65405, 
04.80232, 114.65403, 
04.80231, 114.65401, 
04.80231, 114.65396, 
04.80230, 114.65394, 
04.80230, 114.65375, 
04.80231, 114.65373, 
04.80231, 114.65368, 
04.80232, 114.65366, 
04.80232, 114.65362, 
04.80233, 114.65360, 
04.80233, 114.65358, 
04.80234, 114.65355, 
04.80234, 114.65351, 
04.80235, 114.65349, 
04.80235, 114.65347, 
04.80236, 114.65345, 
04.80236, 114.65340, 
04.80237, 114.65338, 
04.80237, 114.65336, 
04.80238, 114.65334, 
04.80238, 114.65332, 
04.80239, 114.65330, 
04.80239, 114.65328, 
04.80240, 114.65325, 
04.80240, 114.65323, 
04.80241, 114.65321, 
04.80241, 114.65319, 
04.80242, 114.65317, 
04.80242, 114.65315, 
04.80243, 114.65313, 
04.80243, 114.65311, 
04.80244, 114.65308, 
04.80244, 114.65304, 
04.80245, 114.65302, 
04.80245, 114.65300, 
04.80246, 114.65298, 
04.80246, 114.65296, 
04.80247, 114.65294, 
04.80247, 114.65291, 
04.80248, 114.65289, 
04.80248, 114.65287, 
04.80249, 114.65285, 
04.80249, 114.65283, 
04.80250, 114.65281, 
04.80250, 114.65279, 
04.80251, 114.65277, 
04.80251, 114.65274, 
04.80252, 114.65272, 
04.80252, 114.65270, 
04.80253, 114.65268, 
04.80253, 114.65266, 
04.80254, 114.65264, 
04.80254, 114.65262, 
04.80255, 114.65260, 
04.80255, 114.65257, 
04.80256, 114.65255, 
04.80256, 114.65253, 
04.80257, 114.65251, 
04.80265, 114.65217, 
04.80272, 114.65180, 
04.80274, 114.65156, 
04.80277, 114.65075, 
04.80288, 114.64953, 
04.80282, 114.64937, 
04.80277, 114.64928, 
04.80265, 114.64915, 
04.80244, 114.64904, 
04.80186, 114.64901, 
04.80102, 114.64894, 
04.80056, 114.64885, 
04.80004, 114.64870, 
04.79976, 114.64858, 
04.79924, 114.64831, 
04.79868, 114.64789, 
04.79792, 114.64718, 
04.79788, 114.64715, 
04.79641, 114.64573, 
04.79584, 114.64523, 
04.79539, 114.64493, 
04.79501, 114.64472, 
04.79449, 114.64452, 
04.79407, 114.64441, 
04.79372, 114.64436, 
04.79362, 114.64436, 
04.79330, 114.64434, 
04.79308, 114.64435, 
04.79250, 114.64442, 
04.79232, 114.64446, 
04.79220, 114.64450, 
04.79202, 114.64454, 
04.79150, 114.64474, 
04.79118, 114.64491, 
04.79080, 114.64515, 
04.78837, 114.64694, 
04.78826, 114.64703, 
04.78808, 114.64715, 
04.78707, 114.64790, 
04.78692, 114.64800, 
04.77991, 114.65315, 
04.77871, 114.65380, 
04.77820, 114.65404, 
04.77812, 114.65406, 
04.77771, 114.65423, 
04.77722, 114.65440, 
04.77711, 114.65443, 
04.77644, 114.65456, 
04.77632, 114.65459, 
04.77563, 114.65471, 
04.77501, 114.65479, 
04.77485, 114.65482, 
04.77431, 114.65488, 
04.77378, 114.65490, 
04.77342, 114.65490, 
04.77264, 114.65486, 
04.77195, 114.65475, 
04.77183, 114.65474, 
04.77160, 114.65470, 
04.77075, 114.65448, 
04.76998, 114.65421, 
04.76915, 114.65380, 
04.76878, 114.65359, 
04.76842, 114.65334, 
04.76773, 114.65282, 
04.76716, 114.65232, 
04.76670, 114.65183, 
04.76620, 114.65124, 
04.76587, 114.65070, 
04.76564, 114.65037, 
04.76442, 114.64840, 
04.76239, 114.64501, 
04.76197, 114.64438, 
04.76140, 114.64367, 
04.76092, 114.64319, 
04.76055, 114.64286, 
04.76030, 114.64269, 
04.75985, 114.64232, 
04.75724, 114.64039, 
04.75689, 114.64005, 
04.75647, 114.63957, 
04.75647, 114.63956, 
04.75606, 114.63904, 
04.75575, 114.63861, 
04.75543, 114.63811, 
04.75483, 114.63696, 
04.75469, 114.63660, 
04.75417, 114.63492, 
04.75408, 114.63456, 
04.75349, 114.63267, 
04.75197, 114.62733, 
04.75171, 114.62654, 
04.75033, 114.62372, 
04.75024, 114.62356, 
04.74918, 114.62147, 
04.74859, 114.62025, 
04.74844, 114.61989, 
04.74817, 114.61901, 
04.74483, 114.60487, 
04.74483, 114.60486, 
04.74458, 114.60382, 
04.74458, 114.60381, 
04.74407, 114.60160, 
04.74378, 114.60046, 
04.74367, 114.60009, 
04.74331, 114.59901, 
04.74269, 114.59750, 
04.74112, 114.59392, 
04.74109, 114.59383, 
04.73624, 114.58268, 
04.73613, 114.58247, 
04.73559, 114.58156, 
04.73526, 114.58111, 
04.73505, 114.58086, 
04.73452, 114.58032, 
04.73426, 114.58009, 
04.73373, 114.57967, 
04.73312, 114.57928, 
04.73283, 114.57912, 
04.73224, 114.57884, 
04.73165, 114.57862, 
04.73135, 114.57853, 
04.73086, 114.57842, 
04.73032, 114.57832, 
04.72899, 114.57815, 
04.72891, 114.57815, 
04.72866, 114.57813, 
04.72807, 114.57812, 
04.72756, 114.57815, 
04.72664, 114.57827, 
04.72627, 114.57834, 
04.72567, 114.57850, 
04.72531, 114.57861, 
04.72439, 114.57896, 
04.72397, 114.57915, 
04.72388, 114.57918, 
04.72306, 114.57954, 
04.72301, 114.57957, 
04.71994, 114.58089, 
04.71988, 114.58091, 
04.71858, 114.58146, 
04.71812, 114.58161, 
04.71770, 114.58173, 
04.71714, 114.58186, 
04.71652, 114.58195, 
04.71563, 114.58202, 
04.71523, 114.58203, 
04.71501, 114.58201, 
04.71470, 114.58200, 
04.71435, 114.58197, 
04.71390, 114.58191, 
04.71349, 114.58183, 
04.71275, 114.58164, 
04.71252, 114.58157, 
04.71193, 114.58135, 
04.71108, 114.58097, 
04.71046, 114.58061, 
04.70989, 114.58023, 
04.70939, 114.57984, 
04.70902, 114.57951, 
04.70841, 114.57889, 
04.70604, 114.57629, 
04.70572, 114.57592, 
04.70437, 114.57449, 
04.70426, 114.57435, 
04.70422, 114.57431, 
04.70409, 114.57415, 
04.70388, 114.57392, 
04.70366, 114.57370, 
04.70365, 114.57368, 
04.70323, 114.57321, 
04.70303, 114.57296, 
04.70276, 114.57266, 
04.70214, 114.57203, 
04.70076, 114.57051, 
04.70059, 114.57034, 
04.69216, 114.56112, 
04.69062, 114.55935, 
04.68972, 114.55824, 
04.68800, 114.55593, 
04.68673, 114.55402, 
04.68669, 114.55397, 
04.68650, 114.55368, 
04.68631, 114.55336, 
04.68630, 114.55335, 
04.68575, 114.55244, 
04.68574, 114.55243, 
04.68445, 114.55017, 
04.68420, 114.54976, 
04.67865, 114.54008, 
04.67856, 114.53990, 
04.67409, 114.53215, 
04.67392, 114.53183, 
04.67367, 114.53143, 
04.67321, 114.53061, 
04.67316, 114.53050, 
04.67091, 114.52661, 
04.67034, 114.52575, 
04.66977, 114.52498, 
04.66945, 114.52459, 
04.66849, 114.52352, 
04.66754, 114.52262, 
04.66704, 114.52220, 
04.66605, 114.52144, 
04.66559, 114.52112, 
04.66456, 114.52049, 
04.66414, 114.52025, 
04.66326, 114.51981, 
04.66229, 114.51938, 
04.66163, 114.51912, 
04.66108, 114.51887, 
04.66102, 114.51885, 
04.65818, 114.51765, 
04.65774, 114.51745, 
04.65739, 114.51731, 
04.65673, 114.51700, 
04.65664, 114.51695, 
04.65657, 114.51692, 
04.65621, 114.51673, 
04.65580, 114.51648, 
04.65516, 114.51602, 
04.65492, 114.51583, 
04.65490, 114.51582, 
04.65464, 114.51560, 
04.65401, 114.51496, 
04.65400, 114.51496, 
04.65389, 114.51483, 
04.65376, 114.51470, 
04.65327, 114.51406, 
04.65297, 114.51361, 
04.65276, 114.51326, 
04.65273, 114.51322, 
04.65248, 114.51274, 
04.65235, 114.51246, 
04.65213, 114.51191, 
04.65213, 114.51190, 
04.65202, 114.51152, 
04.65190, 114.51116, 
04.65169, 114.51034, 
04.65156, 114.50907, 
04.65146, 114.50782, 
04.65146, 114.50775, 
04.65094, 114.50142, 
04.65087, 114.50078, 
04.65058, 114.49740, 
04.65046, 114.49537, 
04.65046, 114.49476, 
04.65050, 114.49362, 
04.65065, 114.49227, 
04.65077, 114.49157, 
04.65077, 114.49156, 
04.65292, 114.48164, 
04.65292, 114.48161, 
04.65303, 114.48116, 
04.65336, 114.47950, 
04.65337, 114.47948, 
04.65340, 114.47933, 
04.65351, 114.47846, 
04.65359, 114.47749, 
04.65357, 114.47572, 
04.65355, 114.47532, 
04.65351, 114.47488, 
04.65332, 114.47354, 
04.65317, 114.47276, 
04.65303, 114.47221, 
04.65300, 114.47206, 
04.65295, 114.47191, 
04.65289, 114.47169, 
04.65289, 114.47168, 
04.65233, 114.47001, 
04.65207, 114.46941, 
04.65138, 114.46793, 
04.64760, 114.45926, 
04.64680, 114.45750, 
04.64653, 114.45685, 
04.64614, 114.45601, 
04.64591, 114.45545, 
04.64375, 114.45055, 
04.64349, 114.44990, 
04.64192, 114.44635, 
04.64117, 114.44475, 
04.63923, 114.44131, 
04.63891, 114.44081, 
04.63834, 114.43986, 
04.63570, 114.43566, 
04.63457, 114.43380, 
04.63159, 114.42904, 
04.63057, 114.42723, 
04.62994, 114.42604, 
04.62960, 114.42531, 
04.62953, 114.42518, 
04.62858, 114.42301, 
04.62627, 114.41744, 
04.62495, 114.41441, 
04.62435, 114.41318, 
04.62402, 114.41255, 
04.62286, 114.41049, 
04.62217, 114.40939, 
04.61945, 114.40532, 
04.61774, 114.40259, 
04.61767, 114.40246, 
04.61765, 114.40244, 
04.61703, 114.40136, 
04.61586, 114.39906, 
04.60964, 114.38398, 
04.60840, 114.38109, 
04.60347, 114.36994, 
04.60339, 114.36972, 
04.60334, 114.36948, 
04.60317, 114.36886, 
04.60310, 114.36849, 
04.60303, 114.36802, 
04.60300, 114.36758, 
04.60300, 114.36712, 
04.60302, 114.36681, 
04.60308, 114.36627, 
04.60317, 114.36583, 
04.60328, 114.36542, 
04.60342, 114.36502, 
04.60421, 114.36310, 
04.60446, 114.36244, 
04.60455, 114.36216, 
04.60470, 114.36153, 
04.60474, 114.36123, 
04.60480, 114.36049, 
04.60480, 114.36022, 
04.60478, 114.35976, 
04.60475, 114.35947, 
04.60467, 114.35900, 
04.60449, 114.35826, 
04.59749, 114.33831, 
04.59571, 114.33304, 
04.59459, 114.33022, 
04.59358, 114.32754, 
04.59288, 114.32578, 
04.59270, 114.32529, 
04.59203, 114.32362, 
04.59089, 114.32061, 
04.59047, 114.31942, 
04.58904, 114.31502, 
04.58874, 114.31402, 
04.58631, 114.30648, 
04.58585, 114.30515, 
04.58537, 114.30358, 
04.58488, 114.30212, 
04.58371, 114.29843, 
04.58316, 114.29680, 
04.57948, 114.28538, 
04.57909, 114.28409, 
04.57888, 114.28323, 
04.57848, 114.28117, 
04.57840, 114.28060, 
04.57828, 114.27948, 
04.57825, 114.27904, 
04.57821, 114.27723, 
04.57825, 114.27616, 
04.58021, 114.25392, 
04.58035, 114.25172, 
04.58039, 114.24955, 
04.58028, 114.24168, 
04.58019, 114.24068, 
04.58012, 114.24014, 
04.57994, 114.23911, 
04.57985, 114.23869, 
04.57954, 114.23756, 
04.57927, 114.23680, 
04.57927, 114.23679, 
04.57895, 114.23600, 
04.57859, 114.23521, 
04.57817, 114.23441, 
04.57792, 114.23399, 
04.57765, 114.23359, 
04.57762, 114.23353, 
04.57686, 114.23243, 
04.57580, 114.23119, 
04.57319, 114.22845, 
04.57307, 114.22831, 
04.57304, 114.22829, 
04.57116, 114.22630, 
04.57116, 114.22629, 
04.57082, 114.22594, 
04.57015, 114.22516, 
04.57014, 114.22517, 
04.57004, 114.22517, 
04.57003, 114.22516, 
04.57001, 114.22516, 
04.56999, 114.22515, 
04.56998, 114.22514, 
04.56996, 114.22513, 
04.56992, 114.22509, 
04.56990, 114.22505, 
04.56989, 114.22504, 
04.56989, 114.22502, 
04.56988, 114.22500, 
04.56988, 114.22495, 
04.56968, 114.22462, 
04.56956, 114.22446, 
04.56854, 114.22329, 
04.56585, 114.22037, 
04.56543, 114.22000, 
04.56490, 114.21931, 
04.56456, 114.21871, 
04.56425, 114.21808, 
04.56270, 114.21456, 
04.56204, 114.21295, 
04.56201, 114.21290, 
04.56094, 114.21031, 
04.56094, 114.21030, 
04.55985, 114.20768, 
04.55927, 114.20638, 
04.55860, 114.20471, 
04.55835, 114.20422, 
04.55787, 114.20316, 
04.55760, 114.20263, 
04.55383, 114.19431, 
04.55336, 114.19322, 
04.55312, 114.19254, 
04.55291, 114.19175, 
04.55282, 114.19105, 
04.55279, 114.19048, 
04.55284, 114.18965, 
04.55292, 114.18909, 
04.55306, 114.18850, 
04.55332, 114.18779, 
04.55362, 114.18718, 
04.55397, 114.18663, 
04.55433, 114.18614, 
04.55493, 114.18549, 
04.55533, 114.18513, 
04.55547, 114.18504, 
04.55576, 114.18483, 
04.55623, 114.18455, 
04.55672, 114.18430, 
04.57426, 114.17616, 
04.57511, 114.17569, 
04.57595, 114.17508, 
04.57627, 114.17481, 
04.57675, 114.17435, 
04.57718, 114.17386, 
04.57773, 114.17307, 
04.57814, 114.17231, 
04.57959, 114.16922, 
04.58273, 114.16274, 
04.58363, 114.16096, 
04.58374, 114.16052, 
04.58377, 114.16011, 
04.58377, 114.15977, 
04.58368, 114.15930, 
04.58356, 114.15889, 
04.58356, 114.15888, 
04.58354, 114.15884, 
04.58348, 114.15861, 
04.58346, 114.15857, 
04.58341, 114.15838, 
04.58339, 114.15834, 
04.58334, 114.15815, 
04.58332, 114.15811, 
04.58328, 114.15796, 
04.58326, 114.15792, 
04.58322, 114.15777, 
04.58320, 114.15773, 
04.58315, 114.15754, 
04.58313, 114.15750, 
04.58309, 114.15735, 
04.58307, 114.15731, 
04.58305, 114.15724, 
04.58304, 114.15722, 
04.58304, 114.15720, 
04.58303, 114.15716, 
04.58301, 114.15712, 
04.58296, 114.15693, 
04.58177, 114.15317, 
04.58156, 114.15244, 
04.58149, 114.15207, 
04.58102, 114.14521, 
04.58087, 114.14355, 
04.58019, 114.13325, 
04.58016, 114.13250, 
04.58021, 114.13182, 
04.58033, 114.13100, 
04.58035, 114.13091, 
04.58325, 114.10812, 
04.58329, 114.10744, 
04.58334, 114.10364, 
04.58335, 114.10358, 
04.58347, 114.09510, 
04.58348, 114.09492, 
04.58356, 114.08881, 
04.58386, 114.08437, 
04.58404, 114.08239, 
04.58404, 114.08230, 
04.58407, 114.08218, 
04.58412, 114.08211, 
04.58433, 114.08201, 
04.58445, 114.08070, 
04.58445, 114.08066, 
04.58443, 114.08058, 
04.58440, 114.08053, 
04.58432, 114.08044, 
04.58425, 114.08033, 
04.58425, 114.08024, 
04.58426, 114.08017, 
04.58424, 114.08010, 
04.58425, 114.08003, 
04.58428, 114.07902, 
04.58436, 114.07806, 
04.58447, 114.07776, 
04.58457, 114.07756, 
04.58471, 114.07741, 
04.58479, 114.07735, 
04.58482, 114.07732, 
04.58507, 114.07718, 
04.58535, 114.07707, 
04.58540, 114.07706, 
04.58579, 114.07704, 
04.58582, 114.07703, 
04.58583, 114.07702, 
04.58585, 114.07701, 
04.58588, 114.07698, 
04.58590, 114.07693, 
04.58591, 114.07685, 
04.58591, 114.07626, 
04.58590, 114.07619, 
04.58586, 114.07605, 
04.58583, 114.07597, 
04.58582, 114.07592, 
04.58583, 114.07487, 
04.58581, 114.07476, 
04.58574, 114.07468, 
04.58571, 114.07467, 
04.58567, 114.07465, 
04.58564, 114.07464, 
04.58517, 114.07461, 
04.58460, 114.07461, 
04.58447, 114.07463, 
04.58441, 114.07465, 
04.58437, 114.07467, 
04.58434, 114.07468, 
04.58428, 114.07474, 
04.58410, 114.07486, 
04.58408, 114.07488, 
04.58406, 114.07498, 
04.58399, 114.07522, 
04.58397, 114.07524, 
04.58395, 114.07527, 
04.58385, 114.07531, 
04.58255, 114.07526, 
04.58254, 114.07503, 
04.58259, 114.07467, 
04.58259, 114.07450, 
04.58256, 114.07434, 
04.58252, 114.07421, 
04.58243, 114.07398, 
04.58236, 114.07387, 
04.58228, 114.07371, 
04.58206, 114.07339, 
04.58193, 114.07331, 
04.58161, 114.07318, 
04.58159, 114.07319, 
04.58150, 114.07321, 
04.58142, 114.07321, 
04.58138, 114.07320, 
04.58130, 114.07316, 
04.58123, 114.07311, 
04.58121, 114.07310, 
04.58110, 114.07310, 
04.58107, 114.07311, 
04.58100, 114.07311, 
04.58097, 114.07310, 
04.58091, 114.07310, 
04.58088, 114.07309, 
04.58082, 114.07308, 
04.58080, 114.07308, 
04.58078, 114.07307, 
04.58059, 114.07305, 
04.57999, 114.07323, 
04.57754, 114.07390, 
04.57668, 114.07409, 
04.57618, 114.07416, 
04.57596, 114.07418, 
04.57585, 114.07418, 
04.57576, 114.07419, 
04.57500, 114.07420, 
04.57438, 114.07417, 
04.57350, 114.07409, 
04.57345, 114.07412, 
04.57337, 114.07415, 
04.57323, 114.07416, 
04.57239, 114.07409, 
04.57144, 114.07396, 
04.57136, 114.07394, 
04.57032, 114.07380, 
04.57018, 114.07379, 
04.57014, 114.07378, 
04.56906, 114.07373, 
04.56870, 114.07373, 
04.56868, 114.07372, 
04.56505, 114.07366, 
04.56496, 114.07365, 
04.55876, 114.07346, 
04.55872, 114.07345, 
04.55308, 114.07323, 
04.55306, 114.07322, 
04.55303, 114.07322, 
04.55300, 114.07319, 
04.54968, 114.07310, 
04.54905, 114.07305, 
04.54864, 114.07295, 
04.54825, 114.07280, 
04.54807, 114.07271, 
04.54772, 114.07251, 
04.54730, 114.07217, 
04.54708, 114.07194, 
04.54695, 114.07178, 
04.54683, 114.07161, 
04.54672, 114.07143, 
04.54662, 114.07124, 
04.54646, 114.07085, 
04.54634, 114.07045, 
04.54628, 114.07003, 
04.54627, 114.06982, 
04.54629, 114.06940, 
04.54723, 114.05967, 
04.54718, 114.05955, 
04.54708, 114.05942, 
04.54695, 114.05932, 
04.54682, 114.05925, 
04.54607, 114.05916, 
04.54457, 114.05903, 
04.54390, 114.05895, 
04.54387, 114.05895, 
04.54373, 114.05892, 
04.54327, 114.05885, 
04.54173, 114.05850, 
04.54109, 114.05829, 
04.54076, 114.05816, 
04.53671, 114.05637, 
04.53665, 114.05635, 
04.53649, 114.05627, 
04.53094, 114.05381, 
04.53078, 114.05373, 
04.51663, 114.04739, 
04.51485, 114.04655, 
04.51438, 114.04637, 
04.50704, 114.04302, 
04.50680, 114.04292, 
04.50667, 114.04285, 
04.50562, 114.04250, 
04.50553, 114.04248, 
04.50544, 114.04245, 
04.50535, 114.04244, 
04.50529, 114.04242, 
04.50506, 114.04238, 
04.50499, 114.04238, 
04.50418, 114.04227, 
04.50353, 114.04221, 
04.50134, 114.04217, 
04.49808, 114.04221, 
04.49606, 114.04219, 
04.49513, 114.04221, 
04.48026, 114.04212, 
04.48012, 114.04211, 
04.47783, 114.04212, 
04.47773, 114.04211, 
04.47755, 114.04212, 
04.47110, 114.04212, 
04.47100, 114.04213, 
04.47040, 114.04210, 
04.46822, 114.04208, 
04.46610, 114.04210, 
04.46596, 114.04211, 
04.45750, 114.04203, 
04.45670, 114.04205, 
04.45646, 114.04204, 
04.45552, 114.04205, 
04.45400, 114.04203, 
04.45330, 114.04207, 
04.45229, 114.04198, 
04.45216, 114.04204, 
04.45045, 114.04205, 
04.44900, 114.04203, 
04.44890, 114.04202, 
04.44882, 114.04202, 
04.44885, 114.04175, 
04.44883, 114.04147, 
04.44881, 114.03697, 
04.44882, 114.03682, 
04.44885, 114.03405, 
04.44884, 114.03385, 
04.44883, 114.03068, 
04.44886, 114.02954, 
04.44884, 114.02487, 
04.44887, 114.02334, 
04.44886, 114.01726, 
04.44887, 114.01708, 
04.44889, 114.01399, 
04.44882, 114.01390, 
04.44867, 114.01379, 
04.44824, 114.01359, 
04.44773, 114.01363, 
04.44718, 114.01372, 
04.44667, 114.01376, 
04.44506, 114.01395, 
04.44432, 114.01406, 
04.43734, 114.01494, 
04.43628, 114.01510, 
04.43617, 114.01513, 
04.43604, 114.01519, 
04.43590, 114.01527, 
04.43587, 114.01531, 
04.43584, 114.01534, 
04.43580, 114.01537, 
04.43575, 114.01539, 
04.43566, 114.01541, 
04.43561, 114.01541, 
04.43552, 114.01539, 
04.43547, 114.01537, 
04.43541, 114.01532, 
04.43536, 114.01527, 
04.43501, 114.01523, 
04.43455, 114.01528, 
04.43376, 114.01542, 
04.43282, 114.01556, 
04.42952, 114.01613, 
04.42943, 114.01614, 
04.42869, 114.01627, 
04.42851, 114.01629, 
04.42347, 114.01714, 
04.42027, 114.01757, 
04.41973, 114.01762, 
04.41934, 114.01760, 
04.41903, 114.01753, 
04.41877, 114.01744, 
04.41860, 114.01737, 
04.41852, 114.01733, 
04.41822, 114.01714, 
04.41814, 114.01710, 
04.41807, 114.01705, 
04.41711, 114.01649, 
04.41673, 114.01625, 
04.41660, 114.01615, 
04.41656, 114.01613, 
04.41651, 114.01609, 
04.41646, 114.01604, 
04.41641, 114.01600, 
04.41626, 114.01583, 
04.41615, 114.01569, 
04.41593, 114.01532, 
04.41519, 114.01417, 
04.41475, 114.01358, 
04.41463, 114.01345, 
04.41457, 114.01341, 
04.41314, 114.01161, 
04.41139, 114.00952, 
04.41114, 114.00926, 
04.41096, 114.00909, 
04.40826, 114.00690, 
04.40788, 114.00655, 
04.40753, 114.00614, 
04.40715, 114.00565, 
04.40436, 114.00224, 
04.40425, 114.00213, 
04.40395, 114.00187, 
04.40344, 114.00133, 
04.40331, 114.00117, 
04.40321, 114.00107, 
04.40306, 114.00087, 
04.40151, 113.99924, 
04.40008, 113.99781, 
04.39913, 113.99682, 
04.39889, 113.99653, 
04.39886, 113.99650, 
04.39841, 113.99594, 
04.39661, 113.99385, 
04.39645, 113.99371, 
04.39615, 113.99353, 
04.39605, 113.99348, 
04.39612, 113.99330, 
04.39613, 113.99325, 
04.39620, 113.99301, 
04.39658, 113.99093, 
04.39662, 113.99060, 
04.39667, 113.99032, 
04.39668, 113.99022, 
04.39680, 113.98963, 
04.39706, 113.98863, 
04.39711, 113.98840, 
04.39720, 113.98812, 
04.39740, 113.98738, 
04.39738, 113.98734, 
04.39737, 113.98731, 
04.39732, 113.98727, 
04.39693, 113.98707, 
04.39671, 113.98702, 
04.39664, 113.98701, 
04.39667, 113.98680, 
04.39668, 113.98678, 
04.39675, 113.98637, 
04.39688, 113.98603, 
04.39690, 113.98591, 
04.39692, 113.98570, 
04.39692, 113.98521, 
04.39694, 113.98500, 
04.39698, 113.98482, 
04.39699, 113.98474, 
04.39697, 113.98467, 
04.39696, 113.98465, 
04.39694, 113.98463, 
04.39694, 113.98462, 
04.39692, 113.98460, 
04.39692, 113.98459, 
04.39691, 113.98458, 
04.39691, 113.98456, 
04.39690, 113.98455, 
04.39690, 113.98449, 
04.39691, 113.98448, 
04.39691, 113.98447, 
04.39692, 113.98445, 
04.39692, 113.98444, 
04.39696, 113.98440, 
04.39696, 113.98439, 
04.39697, 113.98439, 
04.39698, 113.98438, 
04.39699, 113.98438, 
04.39700, 113.98437, 
04.39702, 113.98437, 
04.39704, 113.98436, 
04.39708, 113.98436, 
04.39709, 113.98437, 
04.39711, 113.98437, 
04.39712, 113.98438, 
04.39713, 113.98438, 
04.39715, 113.98439, 
04.39718, 113.98442, 
04.39719, 113.98442, 
04.39719, 113.98443, 
04.39720, 113.98444, 
04.39720, 113.98445, 
04.39721, 113.98446, 
04.39721, 113.98448, 
04.39722, 113.98450, 
04.39722, 113.98455, 
04.39721, 113.98456, 
04.39721, 113.98458, 
04.39720, 113.98459, 
04.39720, 113.98460, 
04.39718, 113.98462, 
04.39718, 113.98463, 
04.39717, 113.98464, 
04.39716, 113.98464, 
04.39716, 113.98465, 
04.39713, 113.98470, 
04.39711, 113.98475, 
04.39705, 113.98496, 
04.39704, 113.98497, 
04.39709, 113.98503, 
04.39714, 113.98506, 
04.39758, 113.98522, 
04.39796, 113.98534, 
04.39799, 113.98525, 
04.39843, 113.98538, 
05.30284, 115.37410, 
05.30246, 115.37439, 
05.30233, 115.37445, 
05.30213, 115.37451, 
05.30194, 115.37455, 
05.30123, 115.37456, 
05.30067, 115.37454, 
05.30001, 115.37448, 
05.29709, 115.37384, 
05.29379, 115.37288, 
05.29151, 115.37182, 
05.28983, 115.37090, 
05.28631, 115.36854, 
05.28328, 115.36617, 
05.27994, 115.36324, 
05.27346, 115.35615, 
05.26944, 115.35091, 
05.26545, 115.34416, 
05.26184, 115.33641, 
05.25906, 115.32793, 
05.25845, 115.32482, 
05.25818, 115.32130, 
05.25802, 115.31502, 
05.25824, 115.30676, 
05.25896, 115.29474, 
05.26037, 115.28111, 
05.26236, 115.26997, 
05.26377, 115.26379, 
05.26541, 115.25824, 
05.26602, 115.25643, 
05.26685, 115.25436, 
05.26785, 115.25236, 
05.27028, 115.24783, 
05.27158, 115.24594, 
05.27241, 115.24484, 
05.27292, 115.24452, 
05.27391, 115.24381, 
05.27423, 115.24364, 
05.27558, 115.24333, 
05.27570, 115.24314, 
05.27585, 115.24283, 
05.27589, 115.24279, 
05.27594, 115.24277, 
05.27602, 115.24277, 
05.27602, 115.24278, 
05.27634, 115.24293, 
05.27643, 115.24303, 
05.27682, 115.24324, 
05.27682, 115.24330, 
05.27685, 115.24337, 
05.27686, 115.24338, 
05.27687, 115.24340, 
05.27688, 115.24341, 
05.27689, 115.24341, 
05.27691, 115.24342, 
05.27693, 115.24344, 
05.27695, 115.24344, 
05.27696, 115.24345, 
05.27702, 115.24345, 
05.27708, 115.24343, 
05.27709, 115.24342, 
05.27717, 115.24343, 
05.27728, 115.24348, 
05.27732, 115.24351, 
05.27802, 115.24378, 
05.27820, 115.24388, 
05.27779, 115.24597, 
05.27743, 115.24752, 
05.27746, 115.24760, 
05.27675, 115.25054, 
05.27651, 115.25138, 
05.27624, 115.25249, 
05.27619, 115.25278, 
05.27616, 115.25327, 
05.27639, 115.25545, 
05.27645, 115.25580, 
05.27652, 115.25597, 
05.27663, 115.25618, 
05.27726, 115.25721, 
05.27734, 115.25730, 
05.27757, 115.25770, 
05.27783, 115.25823, 
05.27792, 115.25831, 
05.27877, 115.25887, 
05.27907, 115.25910, 
05.27997, 115.25972, 
05.28043, 115.26011, 
05.28065, 115.26037, 
05.28095, 115.26086, 
05.28102, 115.26104, 
05.28116, 115.26124, 
05.28126, 115.26136, 
05.28151, 115.26155, 
05.28174, 115.26161, 
05.28425, 115.26209, 
05.28575, 115.26245, 
05.28592, 115.26247, 
05.28699, 115.26234, 
05.28811, 115.26213, 
05.28830, 115.26211, 
05.28899, 115.26181, 
05.28959, 115.26149, 
05.28981, 115.26132, 
05.29000, 115.26115, 
05.29009, 115.26105, 
05.29036, 115.26069, 
05.29067, 115.26023, 
05.29103, 115.26042, 
05.29089, 115.26065, 
05.29106, 115.26077, 
05.29125, 115.26081, 
05.29147, 115.26100, 
05.29145, 115.26109, 
05.29133, 115.26128, 
05.29145, 115.26109, 
05.29147, 115.26100, 
05.29125, 115.26081, 
05.29106, 115.26077, 
05.29089, 115.26065, 
05.29103, 115.26042, 
05.29067, 115.26023, 
05.29135, 115.25878, 
05.29137, 115.25876, 
05.29142, 115.25873, 
05.29145, 115.25873, 
05.29149, 115.25872, 
05.29162, 115.25875, 
05.29166, 115.25877, 
05.29173, 115.25879, 
05.29193, 115.25891, 
05.29219, 115.25915, 
05.29230, 115.25932, 
05.29581, 115.25695, 
05.29583, 115.25693, 
05.29739, 115.25591, 
05.29753, 115.25625, 
05.29755, 115.25614, 
05.29758, 115.25605, 
05.29761, 115.25599, 
05.29781, 115.25581, 
05.29820, 115.25550, 
05.29851, 115.25554, 
05.29865, 115.25554, 
05.29874, 115.25552, 
05.29882, 115.25549, 
05.29902, 115.25539, 
05.29920, 115.25525, 
05.29940, 115.25514, 
05.29955, 115.25508, 
05.30110, 115.25463, 
05.30138, 115.25451, 
05.30150, 115.25440, 
05.30154, 115.25434, 
05.30185, 115.25410, 
05.30222, 115.25376, 
05.30242, 115.25361, 
05.30290, 115.25333, 
05.30316, 115.25314, 
05.30318, 115.25311, 
05.30323, 115.25306, 
05.30365, 115.25234, 
05.30368, 115.25230, 
05.30374, 115.25215, 
05.30376, 115.25205, 
05.30377, 115.25187, 
05.30370, 115.25142, 
05.30370, 115.25129, 
05.30375, 115.25118, 
05.30383, 115.25110, 
05.30400, 115.25099, 
05.30401, 115.25097, 
05.30401, 115.25094, 
05.30409, 115.25103, 
05.30525, 115.25065, 
05.30629, 115.25023, 
05.30655, 115.24927, 
05.30658, 115.24919, 
05.30675, 115.24855, 
05.30680, 115.24845, 
05.30705, 115.24827, 
05.30786, 115.24775, 
05.31049, 115.24593, 
05.31064, 115.24576, 
05.31073, 115.24563, 
05.31080, 115.24546, 
05.31086, 115.24523, 
05.31092, 115.24530, 
05.31099, 115.24535, 
05.31103, 115.24536, 
05.31120, 115.24534, 
05.31135, 115.24521, 
05.31137, 115.24520, 
05.31141, 115.24519, 
05.31146, 115.24519, 
05.31160, 115.24526, 
05.31172, 115.24530, 
05.31180, 115.24528, 
05.31307, 115.24443, 
05.31313, 115.24441, 
05.31321, 115.24440, 
05.31322, 115.24436, 
05.31324, 115.24433, 
05.31333, 115.24425, 
05.31375, 115.24398, 
05.31399, 115.24380, 
05.31425, 115.24350, 
05.31437, 115.24333, 
05.31466, 115.24281, 
05.31470, 115.24277, 
05.31477, 115.24272, 
05.31488, 115.24267, 
05.31489, 115.24267, 
05.31489, 115.24268, 
05.31493, 115.24268, 
05.31493, 115.24267, 
05.31495, 115.24267, 
05.31495, 115.24266, 
05.31496, 115.24266, 
05.31496, 115.24265, 
05.31497, 115.24265, 
05.31497, 115.24263, 
05.31498, 115.24263, 
05.31498, 115.24262, 
05.31505, 115.24260, 
05.31517, 115.24255, 
05.31534, 115.24252, 
05.31567, 115.24249, 
05.31574, 115.24250, 
05.31598, 115.24247, 
05.31604, 115.24245, 
05.31607, 115.24245, 
05.31607, 115.24244, 
05.31609, 115.24244, 
05.31610, 115.24243, 
05.31637, 115.24240, 
05.31643, 115.24237, 
05.31647, 115.24236, 
05.31755, 115.24192, 
05.31803, 115.24179, 
05.31814, 115.24175, 
05.31838, 115.24170, 
05.31868, 115.24169, 
05.31880, 115.24171, 
05.31895, 115.24176, 
05.31963, 115.24208, 
05.31972, 115.24210, 
05.31983, 115.24211, 
05.32001, 115.24209, 
05.32017, 115.24203, 
05.32068, 115.24176, 
05.32100, 115.24165, 
05.32143, 115.24155, 
05.32190, 115.24148, 
05.32259, 115.24152, 
05.32307, 115.24152, 
05.32643, 115.24176, 
05.32667, 115.24175, 
05.32734, 115.24165, 
05.32746, 115.24162, 
05.32966, 115.24070, 
05.33115, 115.23991, 
05.33125, 115.23987, 
05.33141, 115.23978, 
05.33142, 115.23978, 
05.33165, 115.23968, 
05.33174, 115.23966, 
05.33196, 115.23955, 
05.33201, 115.23951, 
05.33204, 115.23947, 
05.33209, 115.23938, 
05.33212, 115.23934, 
05.33252, 115.23942, 
05.33265, 115.23946, 
05.33281, 115.23953, 
05.33299, 115.23966, 
05.33349, 115.24019, 
05.33365, 115.24032, 
05.33404, 115.24050, 
05.33524, 115.24094, 
05.33547, 115.24101, 
05.33590, 115.24108, 
05.33615, 115.24107, 
05.33739, 115.24085, 
05.33758, 115.24084, 
05.33876, 115.24087, 
05.33934, 115.24095, 
05.34030, 115.24116, 
05.34035, 115.24118, 
05.34094, 115.24134, 
05.34126, 115.24149, 
05.34177, 115.24161, 
05.34283, 115.24191, 
05.34460, 115.24233, 
05.34474, 115.24233, 
05.34489, 115.24237, 
05.34519, 115.24248, 
05.34567, 115.24262, 
05.34591, 115.24264, 
05.34742, 115.24311, 
05.34857, 115.24342, 
05.34941, 115.24358, 
05.35009, 115.24367, 
05.35113, 115.24373, 
05.35165, 115.24372, 
05.35452, 115.24350, 
05.35457, 115.24349, 
05.35730, 115.24330, 
05.35923, 115.24342, 
05.35993, 115.24341, 
05.36206, 115.24322, 
05.36210, 115.24321, 
05.36378, 115.24303, 
05.36442, 115.24299, 
05.36478, 115.24301, 
05.36540, 115.24312, 
05.36776, 115.24371, 
05.36797, 115.24379, 
05.36978, 115.24466, 
05.37019, 115.24483, 
05.37128, 115.24514, 
05.37191, 115.24528, 
05.37494, 115.24576, 
05.37790, 115.24616, 
05.37831, 115.24633, 
05.37843, 115.24640, 
05.37869, 115.24659, 
05.37882, 115.24671, 
05.37897, 115.24688, 
05.37904, 115.24698, 
05.37907, 115.24701, 
05.37980, 115.24839, 
05.37994, 115.24851, 
05.38001, 115.24854, 
05.38015, 115.24858, 
05.38025, 115.24859, 
05.38031, 115.24858, 
05.38044, 115.24858, 
05.38065, 115.24854, 
05.38066, 115.24853, 
05.38083, 115.24846, 
05.38099, 115.24836, 
05.38117, 115.24821, 
05.38125, 115.24813, 
05.38132, 115.24803, 
05.38133, 115.24800, 
05.38135, 115.24797, 
05.38140, 115.24784, 
05.38209, 115.24537, 
05.38219, 115.24510, 
05.38253, 115.24450, 
05.38305, 115.24375, 
05.38320, 115.24346, 
05.38325, 115.24327, 
05.38329, 115.24297, 
05.38327, 115.24262, 
05.38318, 115.24210, 
05.38318, 115.24205, 
05.38289, 115.24057, 
05.38274, 115.24007, 
05.38249, 115.23955, 
05.38143, 115.23785, 
05.38138, 115.23780, 
05.38125, 115.23771, 
05.38106, 115.23762, 
05.38092, 115.23757, 
05.38081, 115.23755, 
05.38064, 115.23754, 
05.38039, 115.23756, 
05.37920, 115.23799, 
05.37918, 115.23799, 
05.37901, 115.23805, 
05.37870, 115.23808, 
05.37850, 115.23807, 
05.37815, 115.23801, 
05.37785, 115.23791, 
05.37763, 115.23777, 
05.37756, 115.23770, 
05.37747, 115.23757, 
05.37718, 115.23708, 
05.37684, 115.23644, 
05.37680, 115.23638, 
05.37662, 115.23617, 
05.37653, 115.23609, 
05.37638, 115.23599, 
05.37606, 115.23583, 
05.37591, 115.23574, 
05.37558, 115.23550, 
05.37512, 115.23501, 
05.37419, 115.23338, 
05.37396, 115.23285, 
05.37385, 115.23237, 
05.37374, 115.23129, 
05.37364, 115.23090, 
05.37346, 115.23043, 
05.37318, 115.22983, 
05.37299, 115.22949, 
05.37177, 115.22702, 
05.37163, 115.22678, 
05.37143, 115.22652, 
05.37124, 115.22634, 
05.37046, 115.22577, 
05.37066, 115.22534, 
05.37098, 115.22473, 
05.37115, 115.22432, 
05.37116, 115.22422, 
05.37115, 115.22403, 
05.37109, 115.22384, 
05.37109, 115.22383, 
05.37093, 115.22361, 
05.37013, 115.22304, 
05.37008, 115.22299, 
05.37002, 115.22288, 
05.37001, 115.22283, 
05.37001, 115.22276, 
05.37026, 115.22194, 
05.37051, 115.22134, 
05.37051, 115.22128, 
05.37050, 115.22124, 
05.37050, 115.22121, 
05.37049, 115.22119, 
05.37048, 115.22115, 
05.37028, 115.22093, 
05.36993, 115.22068, 
05.36777, 115.21928, 
05.36681, 115.21847, 
05.36662, 115.21833, 
05.36413, 115.21593, 
05.36339, 115.21515, 
05.36292, 115.21473, 
05.36120, 115.21302, 
05.35968, 115.21158, 
05.35961, 115.21148, 
05.35939, 115.21122, 
05.35888, 115.21054, 
05.35840, 115.21003, 
05.35828, 115.20992, 
05.35618, 115.20847, 
05.35571, 115.20826, 
05.35563, 115.20824, 
05.35535, 115.20814, 
05.35508, 115.20808, 
05.35469, 115.20795, 
05.35392, 115.20761, 
05.35291, 115.20708, 
05.35265, 115.20699, 
05.35248, 115.20696, 
05.35123, 115.20693, 
05.35100, 115.20688, 
05.35090, 115.20681, 
05.35066, 115.20656, 
05.35050, 115.20629, 
05.34936, 115.20396, 
05.34924, 115.20377, 
05.34906, 115.20355, 
05.34837, 115.20283, 
05.34835, 115.20282, 
05.34739, 115.20181, 
05.34711, 115.20155, 
05.34696, 115.20144, 
05.34679, 115.20134, 
05.34660, 115.20125, 
05.34520, 115.20081, 
05.34402, 115.20054, 
05.34331, 115.20034, 
05.34315, 115.20027, 
05.34293, 115.20013, 
05.34273, 115.19955, 
05.34206, 115.19832, 
05.34198, 115.19820, 
05.34166, 115.19788, 
05.34128, 115.19762, 
05.34088, 115.19744, 
05.34037, 115.19730, 
05.33904, 115.19733, 
05.33838, 115.19730, 
05.33669, 115.19704, 
05.33640, 115.19701, 
05.33466, 115.19672, 
05.33405, 115.19656, 
05.33308, 115.19620, 
05.33246, 115.19586, 
05.33216, 115.19565, 
05.33182, 115.19531, 
05.33088, 115.19450, 
05.33073, 115.19434, 
05.32979, 115.19350, 
05.32962, 115.19332, 
05.32940, 115.19302, 
05.32924, 115.19260, 
05.32906, 115.19196, 
05.32895, 115.19170, 
05.32871, 115.19127, 
05.32851, 115.19101, 
05.32642, 115.18922, 
05.32638, 115.18920, 
05.32616, 115.18904, 
05.32602, 115.18896, 
05.32581, 115.18888, 
05.32555, 115.18881, 
05.32525, 115.18875, 
05.32497, 115.18867, 
05.32464, 115.18851, 
05.32440, 115.18831, 
05.32406, 115.18798, 
05.32320, 115.18727, 
05.32305, 115.18717, 
05.32289, 115.18709, 
05.32251, 115.18696, 
05.32229, 115.18691, 
05.32165, 115.18685, 
05.32065, 115.18694, 
05.32046, 115.18693, 
05.31992, 115.18685, 
05.31926, 115.18662, 
05.31762, 115.18587, 
05.31676, 115.18534, 
05.31642, 115.18517, 
05.31532, 115.18472, 
05.31481, 115.18444, 
05.31449, 115.18429, 
05.31435, 115.18424, 
05.31398, 115.18414, 
05.31128, 115.18364, 
05.31097, 115.18356, 
05.31081, 115.18350, 
05.31050, 115.18332, 
05.30918, 115.18237, 
05.30905, 115.18229, 
05.30574, 115.18056, 
05.30338, 115.17950, 
05.30304, 115.17938, 
05.30248, 115.17911, 
05.30229, 115.17897, 
05.30155, 115.17823, 
05.30111, 115.17747, 
05.30081, 115.17711, 
05.29972, 115.17626, 
05.29961, 115.17619, 
05.29951, 115.17610, 
05.29948, 115.17605, 
05.29946, 115.17604, 
05.29912, 115.17572, 
05.29858, 115.17514, 
05.29809, 115.17455, 
05.29802, 115.17451, 
05.29746, 115.17380, 
05.29739, 115.17374, 
05.29718, 115.17363, 
05.29662, 115.17338, 
05.29598, 115.17313, 
05.29559, 115.17293, 
05.29517, 115.17279, 
05.29465, 115.17266, 
05.29225, 115.17231, 
05.29185, 115.17229, 
05.29180, 115.17230, 
05.28794, 115.17254, 
05.28727, 115.17266, 
05.28614, 115.17309, 
05.28605, 115.17314, 
05.28571, 115.17328, 
05.28515, 115.17341, 
05.28400, 115.17360, 
05.28370, 115.17361, 
05.28354, 115.17360, 
05.28285, 115.17348, 
05.28138, 115.17315, 
05.28074, 115.17289, 
05.28073, 115.17287, 
05.28072, 115.17287, 
05.28070, 115.17285, 
05.27993, 115.17234, 
05.27896, 115.17147, 
05.27895, 115.17147, 
05.27894, 115.17146, 
05.27891, 115.17146, 
05.27890, 115.17144, 
05.27815, 115.17075, 
05.27716, 115.17010, 
05.27612, 115.16953, 
05.27571, 115.16934, 
05.27539, 115.16923, 
05.27339, 115.16872, 
05.27319, 115.16869, 
05.27314, 115.16867, 
05.27265, 115.16864, 
05.27246, 115.16867, 
05.27228, 115.16873, 
05.27212, 115.16881, 
05.27198, 115.16890, 
05.27190, 115.16897, 
05.27176, 115.16862, 
05.27166, 115.16846, 
05.27144, 115.16823, 
05.27138, 115.16820, 
05.27132, 115.16819, 
05.27121, 115.16819, 
05.27116, 115.16820, 
05.27111, 115.16823, 
05.27099, 115.16825, 
05.27084, 115.16823, 
05.27006, 115.16819, 
05.27005, 115.16826, 
05.27006, 115.16838, 
05.26851, 115.16830, 
05.26844, 115.16828, 
05.26842, 115.16828, 
05.26841, 115.16827, 
05.26836, 115.16824, 
05.26735, 115.16730, 
05.26734, 115.16728, 
05.26727, 115.16723, 
05.26718, 115.16714, 
05.26710, 115.16704, 
05.26704, 115.16693, 
05.26664, 115.16634, 
05.26647, 115.16605, 
05.26620, 115.16550, 
05.26561, 115.16449, 
05.26557, 115.16444, 
05.26556, 115.16442, 
05.26544, 115.16432, 
05.26544, 115.16431, 
05.26511, 115.16394, 
05.26457, 115.16340, 
05.26454, 115.16336, 
05.26448, 115.16331, 
05.26441, 115.16331, 
05.26437, 115.16334, 
05.26428, 115.16343, 
05.26425, 115.16347, 
05.26396, 115.16373, 
05.26354, 115.16416, 
05.26349, 115.16419, 
05.26346, 115.16419, 
05.26342, 115.16418, 
05.26274, 115.16354, 
05.26269, 115.16351, 
05.26260, 115.16342, 
05.26254, 115.16339, 
05.26248, 115.16337, 
05.26246, 115.16338, 
05.26243, 115.16338, 
05.26241, 115.16339, 
05.26237, 115.16340, 
05.26233, 115.16342, 
05.26231, 115.16344, 
05.26212, 115.16350, 
05.26209, 115.16352, 
05.26208, 115.16354, 
05.26203, 115.16352, 
05.26170, 115.16325, 
05.26101, 115.16398, 
05.26094, 115.16401, 
05.26086, 115.16401, 
05.26082, 115.16400, 
05.26074, 115.16394, 
05.25992, 115.16318, 
05.25988, 115.16316, 
05.25809, 115.16284, 
05.25801, 115.16285, 
05.25779, 115.16292, 
05.25775, 115.16292, 
05.25768, 115.16290, 
05.25767, 115.16290, 
05.25673, 115.16239, 
05.25670, 115.16250, 
05.25657, 115.16341, 
05.25656, 115.16362, 
05.25669, 115.16453, 
05.25668, 115.16499, 
05.25652, 115.16636, 
05.25651, 115.16661, 
05.25654, 115.16725, 
05.25666, 115.16858, 
05.25675, 115.16920, 
05.25684, 115.16946, 
05.25684, 115.16948, 
05.25687, 115.16954, 
05.25716, 115.16998, 
05.25907, 115.17262, 
05.26123, 115.17548, 
05.26140, 115.17581, 
05.26214, 115.17761, 
05.26219, 115.17770, 
05.26240, 115.17792, 
05.26634, 115.18111, 
05.26664, 115.18131, 
05.26715, 115.18155, 
05.26904, 115.18211, 
05.26907, 115.18213, 
05.26928, 115.18223, 
05.26943, 115.18232, 
05.26948, 115.18237, 
05.27271, 115.18478, 
05.27272, 115.18480, 
05.27281, 115.18487, 
05.27294, 115.18502, 
05.27296, 115.18506, 
05.27298, 115.18508, 
05.27303, 115.18519, 
05.27306, 115.18532, 
05.27308, 115.18536, 
05.27327, 115.18621, 
05.27331, 115.18630, 
05.27334, 115.18633, 
05.27337, 115.18638, 
05.27350, 115.18651, 
05.27376, 115.18666, 
05.27435, 115.18691, 
05.27556, 115.18732, 
05.27573, 115.18739, 
05.27581, 115.18744, 
05.27640, 115.18794, 
05.27658, 115.18805, 
05.27680, 115.18815, 
05.27699, 115.18819, 
05.27702, 115.18819, 
05.27713, 115.18821, 
05.27725, 115.18821, 
05.27756, 115.18816, 
05.27793, 115.18805, 
05.27826, 115.18798, 
05.27852, 115.18795, 
05.28060, 115.18803, 
05.28079, 115.18808, 
05.28092, 115.18813, 
05.28112, 115.18823, 
05.28191, 115.18872, 
05.28204, 115.18885, 
05.28220, 115.18904, 
05.28227, 115.18918, 
05.28227, 115.18919, 
05.28263, 115.18981, 
05.28296, 115.19021, 
05.28297, 115.19023, 
05.28318, 115.19045, 
05.28373, 115.19113, 
05.28377, 115.19120, 
05.28380, 115.19130, 
05.28392, 115.19196, 
05.28401, 115.19227, 
05.28404, 115.19234, 
05.28421, 115.19256, 
05.28456, 115.19289, 
05.28464, 115.19295, 
05.28486, 115.19321, 
05.28494, 115.19339, 
05.28500, 115.19358, 
05.28500, 115.19365, 
05.28502, 115.19377, 
05.28502, 115.19419, 
05.28503, 115.19425, 
05.28503, 115.19432, 
05.28501, 115.19437, 
05.28503, 115.19468, 
05.28518, 115.19507, 
05.28519, 115.19518, 
05.28515, 115.19537, 
05.28483, 115.19600, 
05.28416, 115.19686, 
05.28393, 115.19726, 
05.28373, 115.19784, 
05.28365, 115.19824, 
05.28360, 115.19867, 
05.28353, 115.20039, 
05.28347, 115.20664, 
05.28349, 115.20755, 
05.28352, 115.20787, 
05.28361, 115.20822, 
05.28380, 115.20874, 
05.28400, 115.20909, 
05.28422, 115.20941, 
05.28464, 115.20985, 
05.28716, 115.21181, 
05.28771, 115.21213, 
05.28855, 115.21277, 
05.28903, 115.21323, 
05.28929, 115.21353, 
05.28954, 115.21396, 
05.28967, 115.21423, 
05.28980, 115.21462, 
05.28990, 115.21516, 
05.28993, 115.21565, 
05.28988, 115.21785, 
05.28991, 115.21811, 
05.28996, 115.21832, 
05.29002, 115.21847, 
05.29018, 115.21871, 
05.29037, 115.21892, 
05.29051, 115.21903, 
05.29041, 115.21916, 
05.29041, 115.21918, 
05.29040, 115.21919, 
05.29037, 115.21927, 
05.29037, 115.21933, 
05.29036, 115.21938, 
05.29037, 115.21947, 
05.29033, 115.22017, 
05.29034, 115.22023, 
05.29036, 115.22027, 
05.29037, 115.22031, 
05.29037, 115.22036, 
05.29038, 115.22042, 
05.29038, 115.22047, 
05.29037, 115.22053, 
05.29037, 115.22066, 
05.29049, 115.22090, 
05.29050, 115.22091, 
05.29050, 115.22095, 
05.29049, 115.22097, 
05.29046, 115.22099, 
05.29025, 115.22109, 
05.29005, 115.22126, 
05.28987, 115.22152, 
05.28958, 115.22179, 
05.28939, 115.22191, 
05.28917, 115.22198, 
05.28901, 115.22207, 
05.28890, 115.22198, 
05.28885, 115.22195, 
05.28878, 115.22193, 
05.28870, 115.22192, 
05.28867, 115.22193, 
05.28864, 115.22193, 
05.28861, 115.22194, 
05.28858, 115.22196, 
05.28850, 115.22204, 
05.28847, 115.22206, 
05.28844, 115.22207, 
05.28843, 115.22211, 
05.28840, 115.22215, 
05.28838, 115.22219, 
05.28835, 115.22223, 
05.28827, 115.22227, 
05.28826, 115.22227, 
05.28822, 115.22229, 
05.28815, 115.22234, 
05.28809, 115.22241, 
05.28804, 115.22249, 
05.28800, 115.22253, 
05.28797, 115.22253, 
05.28795, 115.22254, 
05.28793, 115.22254, 
05.28789, 115.22256, 
05.28780, 115.22263, 
05.28772, 115.22271, 
05.28760, 115.22287, 
05.28755, 115.22296, 
05.28754, 115.22301, 
05.28753, 115.22302, 
05.28750, 115.22313, 
05.28748, 115.22317, 
05.28745, 115.22320, 
05.28725, 115.22336, 
05.28714, 115.22348, 
05.28710, 115.22437, 
05.28709, 115.22441, 
05.28709, 115.22443, 
05.28707, 115.22448, 
05.28704, 115.22450, 
05.28667, 115.22458, 
05.28663, 115.22460, 
05.28661, 115.22462, 
05.28658, 115.22464, 
05.28657, 115.22467, 
05.28657, 115.22480, 
05.28665, 115.22519, 
05.28669, 115.22527, 
05.28675, 115.22569, 
05.28698, 115.22648, 
05.28639, 115.22657, 
05.28598, 115.22670, 
05.28561, 115.22686, 
05.28526, 115.22705, 
05.28218, 115.22897, 
05.28166, 115.22924, 
05.28165, 115.22925, 
05.28117, 115.22943, 
05.28097, 115.22948, 
05.28073, 115.22956, 
05.28028, 115.22966, 
05.27953, 115.22975, 
05.27868, 115.22974, 
05.27777, 115.22963, 
05.27729, 115.22953, 
05.27626, 115.22913, 
05.27591, 115.22893, 
05.27567, 115.22877, 
05.27462, 115.22798, 
05.27396, 115.22755, 
05.27376, 115.22744, 
05.27337, 115.22731, 
05.27320, 115.22728, 
05.27278, 115.22726, 
05.27243, 115.22729, 
05.27180, 115.22740, 
05.27156, 115.22731, 
05.27132, 115.22728, 
05.27097, 115.22728, 
05.27064, 115.22740, 
05.26982, 115.22794, 
05.26970, 115.22808, 
05.26887, 115.22943, 
05.26863, 115.22987, 
05.26844, 115.23031, 
05.26824, 115.23085, 
05.26808, 115.23120, 
05.26797, 115.23137, 
05.26787, 115.23148, 
05.26775, 115.23157, 
05.26735, 115.23172, 
05.26619, 115.23224, 
05.26609, 115.23230, 
05.26603, 115.23235, 
05.26593, 115.23246, 
05.26571, 115.23275, 
05.26565, 115.23279, 
05.26553, 115.23283, 
05.26529, 115.23285, 
05.26383, 115.23273, 
05.26369, 115.23273, 
05.26356, 115.23276, 
05.26287, 115.23310, 
05.26173, 115.23338, 
05.26158, 115.23344, 
05.26114, 115.23377, 
05.26043, 115.23419, 
05.26042, 115.23421, 
05.26019, 115.23434, 
05.26003, 115.23446, 
05.25861, 115.23291, 
05.25851, 115.23269, 
05.25835, 115.23243, 
05.25828, 115.23234, 
05.25760, 115.23176, 
05.25732, 115.23148, 
05.25663, 115.23231, 
05.25662, 115.23234, 
05.25621, 115.23284, 
05.25614, 115.23284, 
05.25605, 115.23279, 
05.25519, 115.23208, 
05.25518, 115.23204, 
05.25504, 115.23217, 
05.25498, 115.23224, 
05.25414, 115.23157, 
05.25406, 115.23156, 
05.25397, 115.23156, 
05.25386, 115.23159, 
05.25213, 115.23370, 
05.25181, 115.23402, 
05.25094, 115.23312, 
05.25026, 115.23372, 
05.24998, 115.23378, 
05.24979, 115.23376, 
05.24998, 115.23378, 
05.25026, 115.23372, 
05.25094, 115.23312, 
05.25181, 115.23402, 
05.25213, 115.23370, 
05.25386, 115.23159, 
05.25397, 115.23156, 
05.25406, 115.23156, 
05.25414, 115.23157, 
05.25582, 115.23292, 
05.25609, 115.23316, 
05.25638, 115.23346, 
05.25650, 115.23371, 
05.25659, 115.23409, 
05.25660, 115.23411, 
05.25663, 115.23435, 
05.25672, 115.23475, 
05.25673, 115.23483, 
05.25675, 115.23490, 
05.25711, 115.23695, 
05.26897, 115.23465, 
05.26925, 115.23461, 
05.26963, 115.23450, 
05.27098, 115.23427, 
05.27463, 115.23355, 
05.27530, 115.23350, 
05.27954, 115.23341, 
05.28062, 115.23347, 
05.28272, 115.23336, 
05.28410, 115.23335, 
05.28458, 115.23340, 
05.28500, 115.23351, 
05.28526, 115.23363, 
05.28559, 115.23382, 
05.28586, 115.23402, 
05.28599, 115.23414, 
05.28628, 115.23449, 
05.28655, 115.23496, 
05.28665, 115.23521, 
05.28671, 115.23543, 
05.28681, 115.23603, 
05.28682, 115.23628, 
05.28678, 115.23660, 
05.28670, 115.23694, 
05.28658, 115.23726, 
05.28377, 115.24219, 
05.28364, 115.24229, 
05.28350, 115.24233, 
05.28338, 115.24234, 
05.28309, 115.24220, 
05.28136, 115.24156, 
05.28106, 115.24152, 
05.28094, 115.24149, 
05.28077, 115.24141, 
05.28029, 115.24236, 
05.27919, 115.24434, 
05.27908, 115.24429, 
05.27842, 115.24390, 
05.27772, 115.24357, 
05.27734, 115.24342, 
05.27725, 115.24336, 
05.27722, 115.24333, 
05.27716, 115.24324, 
05.27716, 115.24322, 
05.27715, 115.24321, 
05.27715, 115.24320, 
05.27714, 115.24319, 
05.27713, 115.24317, 
05.27710, 115.24314, 
05.27709, 115.24314, 
05.27708, 115.24313, 
05.27707, 115.24313, 
05.27706, 115.24312, 
05.27705, 115.24312, 
05.27704, 115.24311, 
05.27696, 115.24311, 
05.27694, 115.24312, 
05.27691, 115.24312, 
05.27689, 115.24314, 
05.27647, 115.24295, 
05.27634, 115.24293, 
05.27602, 115.24278, 
05.27602, 115.24277, 
05.27594, 115.24277, 
05.27589, 115.24279, 
05.27585, 115.24283, 
05.27570, 115.24314, 
05.27558, 115.24333, 
05.27423, 115.24364, 
05.27391, 115.24381, 
05.27292, 115.24452, 
05.27241, 115.24484, 
05.27158, 115.24594, 
05.27028, 115.24783, 
05.26785, 115.25236, 
05.26685, 115.25436, 
05.26602, 115.25643, 
05.26541, 115.25824, 
05.26377, 115.26379, 
05.26236, 115.26997, 
05.26037, 115.28111, 
05.25896, 115.29474, 
05.25824, 115.30676, 
05.25802, 115.31502, 
05.25818, 115.32130, 
05.25845, 115.32482, 
05.25906, 115.32793, 
05.26184, 115.33641, 
05.26545, 115.34416, 
05.26944, 115.35091, 
05.27346, 115.35615, 
05.27994, 115.36324, 
05.28328, 115.36617, 
05.28631, 115.36854, 
05.28983, 115.37090, 
05.29151, 115.37182, 
05.29379, 115.37288, 
05.29709, 115.37384, 
05.30001, 115.37448, 
05.30067, 115.37454, 
05.30123, 115.37456, 
05.30194, 115.37455, 
05.30213, 115.37451, 
05.30233, 115.37445, 
05.30246, 115.37439, 
05.30284, 115.37410, 
05.30300, 115.37302, 
05.30303, 115.37234, 
05.30287, 115.37236, 
05.30252, 115.37232, 
05.30287, 115.37236, 
05.30303, 115.37234, 
05.30300, 115.37302, 
05.30284, 115.37410, 
05.30246, 115.37439, 
05.30233, 115.37445, 
05.30213, 115.37451, 
05.30194, 115.37455, 
05.30123, 115.37456, 
05.30067, 115.37454, 
05.30001, 115.37448, 
05.29709, 115.37384, 
05.29379, 115.37288, 
05.29151, 115.37182, 
05.28983, 115.37090, 
05.28631, 115.36854, 
05.28328, 115.36617, 
05.27994, 115.36324, 
05.27346, 115.35615, 
05.26944, 115.35091, 
05.26545, 115.34416, 
05.26184, 115.33641, 
05.25906, 115.32793, 
05.25845, 115.32482, 
05.25818, 115.32130, 
05.25802, 115.31502, 
05.25824, 115.30676, 
05.25896, 115.29474, 
05.26037, 115.28111, 
05.26236, 115.26997, 
05.26377, 115.26379, 
05.26541, 115.25824, 
05.26602, 115.25643, 
05.26685, 115.25436, 
05.26785, 115.25236, 
05.27028, 115.24783, 
05.27158, 115.24594, 
05.27241, 115.24484, 
05.27292, 115.24452, 
05.27391, 115.24381, 
05.27423, 115.24364, 
05.27558, 115.24333, 
05.27570, 115.24314, 
05.27585, 115.24283, 
05.27589, 115.24279, 
05.27594, 115.24277, 
05.27602, 115.24277, 
05.27602, 115.24278, 
05.27634, 115.24293, 
05.27643, 115.24303, 
05.27682, 115.24324, 
05.27682, 115.24330, 
05.27685, 115.24337, 
05.27686, 115.24338, 
05.27687, 115.24340, 
05.27688, 115.24341, 
05.27689, 115.24341, 
05.27691, 115.24342, 
05.27693, 115.24344, 
05.27695, 115.24344, 
05.27696, 115.24345, 
05.27702, 115.24345, 
05.27708, 115.24343, 
05.27709, 115.24342, 
05.27717, 115.24343, 
05.27728, 115.24348, 
05.27732, 115.24351, 
05.27764, 115.24363, 
05.27728, 115.24484, 
05.27657, 115.24460, 
05.27682, 115.24380, 
05.27683, 115.24331, 
05.27682, 115.24330, 
05.27682, 115.24326, 
05.27683, 115.24324, 
05.27643, 115.24303, 
05.27634, 115.24293, 
05.27602, 115.24278, 
05.27602, 115.24277, 
05.27594, 115.24277, 
05.27589, 115.24279, 
05.27585, 115.24283, 
05.27570, 115.24314, 
05.27558, 115.24333, 
05.27423, 115.24364, 
05.27391, 115.24381, 
05.27292, 115.24452, 
05.27241, 115.24484, 
05.27158, 115.24594, 
05.27028, 115.24783, 
05.26785, 115.25236, 
05.26685, 115.25436, 
05.26602, 115.25643, 
05.26541, 115.25824, 
05.26377, 115.26379, 
05.26236, 115.26997, 
05.26037, 115.28111, 
05.25896, 115.29474, 
05.25824, 115.30676, 
05.25802, 115.31502, 
05.25818, 115.32130, 
05.25845, 115.32482, 
05.25906, 115.32793, 
05.26184, 115.33641, 
05.26545, 115.34416, 
05.26944, 115.35091, 
05.27346, 115.35615, 
05.27994, 115.36324, 
05.28328, 115.36617, 
05.28631, 115.36854, 
05.28983, 115.37090, 
05.29151, 115.37182, 
05.29379, 115.37288, 
05.29709, 115.37384, 
05.30001, 115.37448, 
05.30067, 115.37454, 
05.30123, 115.37456, 
05.30194, 115.37455, 
05.30213, 115.37451, 
05.30233, 115.37445, 
05.30246, 115.37439, 
05.30284, 115.37410, 
05.30300, 115.37302, 
05.30303, 115.37234, 
05.30287, 115.37236, 
05.30252, 115.37232, 
05.30287, 115.37236, 
05.30303, 115.37234, 
05.30300, 115.37302, 
05.30284, 115.37410, 
05.30246, 115.37439, 
05.30233, 115.37445, 
05.30213, 115.37451, 
05.30194, 115.37455, 
05.30123, 115.37456, 
05.30067, 115.37454, 
05.30001, 115.37448, 
05.29709, 115.37384, 
05.29379, 115.37288, 
05.29151, 115.37182, 
05.28983, 115.37090, 
05.28631, 115.36854, 
05.28328, 115.36617, 
05.27994, 115.36324, 
05.27346, 115.35615, 
05.26944, 115.35091, 
05.26545, 115.34416, 
05.26184, 115.33641, 
05.25906, 115.32793, 
05.25845, 115.32482, 
05.25818, 115.32130, 
05.25802, 115.31502, 
05.25824, 115.30676, 
05.25896, 115.29474, 
05.26037, 115.28111, 
05.26236, 115.26997, 
05.26377, 115.26379, 
05.26541, 115.25824, 
05.26602, 115.25643, 
05.26685, 115.25436, 
05.26785, 115.25236, 
05.27028, 115.24783, 
05.27158, 115.24594, 
05.27241, 115.24484, 
05.27292, 115.24452, 
05.27391, 115.24381, 
05.27423, 115.24364, 
05.27558, 115.24333, 
05.27539, 115.24368, 
